2025-06-04 10:03:48,555 - scraper - INFO - Setting up Playwright browser...
2025-06-04 10:03:56,627 - scraper - INFO - Using persistent user data directory: C:\Users\hp\Desktop\OSINT\TiktokScrap\TiktokSearchScrap1\playwright_user_data
2025-06-04 10:03:56,628 - tiktok_captcha_solver.launcher - WARNING - Selenium, playwright, and undetected chromedriver are no longer recommended for scraping. A better option is to use nodriver. To use nodriver, use the command 'make_nodriver_solver()' instead. To disable this warning, set the kwarg no_warn=True.
2025-06-04 10:03:59,651 - scraper - INFO - Playwright browser context with captcha solver initialized.
2025-06-04 10:03:59,841 - scraper - INFO - Set viewport size to 1280x720
2025-06-04 10:03:59,843 - __main__ - INFO - Processing keyword: fano
2025-06-04 10:03:59,844 - scraper - INFO - Searching TikTok for: fano
2025-06-04 10:04:05,981 - scraper - INFO - Navigated to search URL: https://www.tiktok.com/search?q=fano
2025-06-04 10:04:10,739 - scraper - INFO - Search results loaded successfully
2025-06-04 10:04:10,741 - scraper - INFO - Scraping search results and comments...
2025-06-04 10:04:11,632 - scraper - INFO - Found 12 video cards on the first page of search results.
2025-06-04 10:04:11,768 - scraper - INFO - Extracted initial data for card 0: https://www.tiktok.com/@gionmedia21/video/7511743224537550102
2025-06-04 10:04:11,769 - scraper - INFO - Adding delay of 3.00 seconds
2025-06-04 10:04:15,204 - scraper - INFO - Extracted initial data for card 1: https://www.tiktok.com/@user8858220382768/video/7486727769854872838
2025-06-04 10:04:15,206 - scraper - INFO - Adding delay of 3.37 seconds
2025-06-04 10:04:18,678 - scraper - INFO - Extracted initial data for card 2: https://www.tiktok.com/@zedingil12/video/7423822305593199878
2025-06-04 10:04:18,678 - scraper - INFO - Adding delay of 4.83 seconds
2025-06-04 10:04:23,606 - scraper - INFO - Extracted initial data for card 3: https://www.tiktok.com/@gionmedia21/video/7511488126745939222
2025-06-04 10:04:23,608 - scraper - INFO - Adding delay of 2.74 seconds
2025-06-04 10:04:26,425 - scraper - INFO - Extracted initial data for card 4: https://www.tiktok.com/@asaregnawfano19/video/7446127378511760645
2025-06-04 10:04:26,437 - scraper - INFO - Adding delay of 2.27 seconds
2025-06-04 10:04:28,813 - scraper - INFO - Extracted initial data for card 5: https://www.tiktok.com/@yalew_adugna/video/7503195298039221510
2025-06-04 10:04:28,813 - scraper - INFO - Adding delay of 3.16 seconds
2025-06-04 10:04:32,108 - scraper - INFO - Extracted initial data for card 6: https://www.tiktok.com/@mariyam21rm/video/7489703255665069330
2025-06-04 10:04:32,109 - scraper - INFO - Adding delay of 4.91 seconds
2025-06-04 10:04:37,187 - scraper - INFO - Extracted initial data for card 7: https://www.tiktok.com/@isayas_family/video/7497254862095289623
2025-06-04 10:04:37,191 - scraper - INFO - Adding delay of 2.73 seconds
2025-06-04 10:04:40,053 - scraper - INFO - Extracted initial data for card 8: https://www.tiktok.com/@fano50588/video/7497583100956921096
2025-06-04 10:04:40,054 - scraper - INFO - Adding delay of 3.47 seconds
2025-06-04 10:04:43,614 - scraper - INFO - Extracted initial data for card 9: https://www.tiktok.com/@fanopost/video/7449008052273138949
2025-06-04 10:04:43,616 - scraper - INFO - Adding delay of 3.36 seconds
2025-06-04 10:04:47,073 - scraper - INFO - Extracted initial data for card 10: https://www.tiktok.com/@ethio.right1/video/7511726314647227653
2025-06-04 10:04:47,073 - scraper - INFO - Adding delay of 4.86 seconds
2025-06-04 10:04:52,018 - scraper - INFO - Extracted initial data for card 11: https://www.tiktok.com/@senperdesta/video/7508976454818893061
2025-06-04 10:04:52,018 - scraper - INFO - Processing video 1/12: https://www.tiktok.com/@gionmedia21/video/7511743224537550102
2025-06-04 10:04:52,019 - scraper - INFO - Adding delay of 3.32 seconds
2025-06-04 10:05:39,238 - scraper - INFO - No popup/captcha detected
2025-06-04 10:05:39,359 - scraper - INFO - Attempting to scrape up to 50 comments...
2025-06-04 10:11:15,169 - scraper - INFO - Adding delay of 2.50 seconds
2025-06-04 10:11:17,961 - scraper - INFO - Adding delay of 2.90 seconds
2025-06-04 10:11:21,130 - scraper - INFO - Adding delay of 3.35 seconds
2025-06-04 10:11:24,671 - scraper - INFO - Adding delay of 2.85 seconds
2025-06-04 10:11:27,682 - scraper - INFO - Adding delay of 4.56 seconds
2025-06-04 10:11:38,029 - scraper - INFO - Adding delay of 3.18 seconds
2025-06-04 10:11:41,596 - scraper - INFO - Adding delay of 4.70 seconds
2025-06-04 10:11:46,480 - scraper - INFO - Adding delay of 4.12 seconds
2025-06-04 10:11:50,862 - scraper - INFO - Adding delay of 2.08 seconds
2025-06-04 10:11:53,145 - scraper - INFO - Adding delay of 2.41 seconds
2025-06-04 10:11:55,815 - scraper - INFO - Adding delay of 3.53 seconds
2025-06-04 10:11:59,702 - scraper - INFO - Adding delay of 3.27 seconds
2025-06-04 10:12:03,259 - scraper - INFO - Adding delay of 2.36 seconds
2025-06-04 10:12:05,899 - scraper - INFO - Adding delay of 3.15 seconds
2025-06-04 10:12:09,319 - scraper - INFO - Adding delay of 4.25 seconds
2025-06-04 10:12:13,823 - scraper - INFO - Adding delay of 4.06 seconds
2025-06-04 10:12:18,144 - scraper - INFO - Adding delay of 3.62 seconds
2025-06-04 10:12:22,052 - scraper - INFO - Adding delay of 2.37 seconds
2025-06-04 10:12:25,163 - scraper - INFO - Adding delay of 3.06 seconds
2025-06-04 10:12:28,384 - scraper - INFO - Adding delay of 4.49 seconds
2025-06-04 10:12:33,014 - scraper - INFO - Adding delay of 3.80 seconds
2025-06-04 10:12:37,020 - scraper - INFO - Adding delay of 2.57 seconds
2025-06-04 10:12:39,764 - scraper - INFO - Adding delay of 3.80 seconds
2025-06-04 10:12:43,776 - scraper - INFO - Adding delay of 2.15 seconds
2025-06-04 10:12:46,119 - scraper - INFO - Adding delay of 2.85 seconds
2025-06-04 10:12:49,132 - scraper - INFO - Adding delay of 4.33 seconds
2025-06-04 10:12:53,702 - scraper - INFO - Scraped 28 comments for video 1
2025-06-04 10:12:53,702 - scraper - INFO - Processing video 2/12: https://www.tiktok.com/@user8858220382768/video/7486727769854872838
2025-06-04 10:12:53,702 - scraper - INFO - Adding delay of 3.16 seconds
2025-06-04 10:13:40,973 - scraper - INFO - No popup/captcha detected
2025-06-04 10:13:41,037 - scraper - INFO - Attempting to scrape up to 50 comments...
2025-06-04 10:14:26,376 - scraper - INFO - Adding delay of 2.51 seconds
2025-06-04 10:14:29,097 - scraper - INFO - Adding delay of 3.49 seconds
2025-06-04 10:14:32,787 - scraper - INFO - Adding delay of 2.14 seconds
2025-06-04 10:14:35,114 - scraper - INFO - Adding delay of 4.56 seconds
2025-06-04 10:14:39,873 - scraper - INFO - Adding delay of 3.61 seconds
2025-06-04 10:14:43,687 - scraper - INFO - Adding delay of 2.87 seconds
2025-06-04 10:14:46,686 - scraper - INFO - Adding delay of 2.37 seconds
2025-06-04 10:14:49,200 - scraper - INFO - Adding delay of 2.22 seconds
2025-06-04 10:14:51,568 - scraper - INFO - Adding delay of 4.80 seconds
2025-06-04 10:14:56,528 - scraper - INFO - Adding delay of 2.66 seconds
2025-06-04 10:14:59,395 - scraper - INFO - Adding delay of 2.12 seconds
2025-06-04 10:15:01,694 - scraper - INFO - Adding delay of 3.42 seconds
2025-06-04 10:15:05,274 - scraper - INFO - Adding delay of 2.48 seconds
2025-06-04 10:15:07,907 - scraper - INFO - Adding delay of 2.13 seconds
2025-06-04 10:15:10,207 - scraper - INFO - Adding delay of 4.36 seconds
2025-06-04 10:15:14,848 - scraper - INFO - Adding delay of 3.42 seconds
2025-06-04 10:15:18,416 - scraper - INFO - Adding delay of 3.42 seconds
2025-06-04 10:15:22,027 - scraper - INFO - Adding delay of 4.50 seconds
2025-06-04 10:15:26,676 - scraper - INFO - Adding delay of 3.79 seconds
2025-06-04 10:15:30,680 - scraper - INFO - Adding delay of 3.61 seconds
2025-06-04 10:15:34,497 - scraper - INFO - Adding delay of 4.61 seconds
2025-06-04 10:15:39,273 - scraper - INFO - Adding delay of 2.23 seconds
2025-06-04 10:15:41,686 - scraper - INFO - Adding delay of 2.85 seconds
2025-06-04 10:15:44,788 - scraper - INFO - Adding delay of 3.71 seconds
2025-06-04 10:15:48,665 - scraper - INFO - Adding delay of 3.41 seconds
2025-06-04 10:15:52,241 - scraper - INFO - Adding delay of 4.62 seconds
2025-06-04 10:15:57,084 - scraper - INFO - Adding delay of 3.59 seconds
2025-06-04 10:16:00,798 - scraper - INFO - Adding delay of 2.57 seconds
2025-06-04 10:16:03,513 - scraper - INFO - Adding delay of 2.84 seconds
2025-06-04 10:16:06,576 - scraper - INFO - Adding delay of 2.18 seconds
2025-06-04 10:16:08,965 - scraper - INFO - Adding delay of 2.43 seconds
2025-06-04 10:16:11,586 - scraper - INFO - Adding delay of 2.95 seconds
2025-06-04 10:16:14,708 - scraper - INFO - Adding delay of 4.34 seconds
2025-06-04 10:16:19,228 - scraper - INFO - Adding delay of 4.10 seconds
2025-06-04 10:16:23,533 - scraper - INFO - Adding delay of 3.69 seconds
2025-06-04 10:16:27,376 - scraper - INFO - Adding delay of 3.51 seconds
2025-06-04 10:16:31,056 - scraper - INFO - Adding delay of 4.11 seconds
2025-06-04 10:16:35,407 - scraper - INFO - Adding delay of 4.05 seconds
2025-06-04 10:16:39,643 - scraper - INFO - Adding delay of 3.82 seconds
2025-06-04 10:16:43,640 - scraper - INFO - Adding delay of 2.43 seconds
2025-06-04 10:16:46,306 - scraper - INFO - Adding delay of 2.33 seconds
2025-06-04 10:16:48,782 - scraper - INFO - Adding delay of 4.36 seconds
2025-06-04 10:16:53,330 - scraper - INFO - Adding delay of 4.45 seconds
2025-06-04 10:16:57,963 - scraper - INFO - Adding delay of 2.35 seconds
2025-06-04 10:17:00,501 - scraper - INFO - Adding delay of 4.99 seconds
2025-06-04 10:17:05,673 - scraper - INFO - Adding delay of 2.32 seconds
2025-06-04 10:17:08,190 - scraper - INFO - Scraped 47 comments for video 2
2025-06-04 10:17:08,191 - scraper - INFO - Processing video 3/12: https://www.tiktok.com/@zedingil12/video/7423822305593199878
2025-06-04 10:17:08,192 - scraper - INFO - Adding delay of 2.74 seconds
2025-06-04 10:17:54,230 - scraper - INFO - Attempting to scrape up to 50 comments...
2025-06-04 10:18:32,097 - scraper - INFO - Adding delay of 3.52 seconds
2025-06-04 10:18:35,884 - scraper - INFO - Adding delay of 2.29 seconds
2025-06-04 10:18:38,392 - scraper - INFO - Adding delay of 3.73 seconds
2025-06-04 10:18:42,334 - scraper - INFO - Adding delay of 4.58 seconds
2025-06-04 10:18:47,064 - scraper - INFO - Adding delay of 3.17 seconds
2025-06-04 10:18:50,399 - scraper - INFO - Adding delay of 3.28 seconds
2025-06-04 10:18:53,808 - scraper - INFO - Adding delay of 3.38 seconds
2025-06-04 10:18:57,383 - scraper - INFO - Adding delay of 3.52 seconds
2025-06-04 10:19:01,041 - scraper - INFO - Adding delay of 3.13 seconds
2025-06-04 10:19:04,415 - scraper - INFO - Adding delay of 2.99 seconds
2025-06-04 10:19:07,591 - scraper - INFO - Adding delay of 4.09 seconds
2025-06-04 10:19:11,857 - scraper - INFO - Adding delay of 4.02 seconds
2025-06-04 10:19:16,034 - scraper - INFO - Adding delay of 4.56 seconds
2025-06-04 10:19:20,729 - scraper - INFO - Adding delay of 3.82 seconds
2025-06-04 10:19:24,719 - scraper - INFO - Adding delay of 2.62 seconds
2025-06-04 10:19:27,494 - scraper - INFO - Adding delay of 3.99 seconds
2025-06-04 10:19:31,622 - scraper - INFO - Adding delay of 4.62 seconds
2025-06-04 10:19:36,416 - scraper - INFO - Adding delay of 3.27 seconds
2025-06-04 10:19:39,826 - scraper - INFO - Adding delay of 3.66 seconds
2025-06-04 10:19:43,607 - scraper - INFO - Adding delay of 2.87 seconds
2025-06-04 10:19:46,629 - scraper - INFO - Adding delay of 3.08 seconds
2025-06-04 10:19:50,023 - scraper - INFO - Adding delay of 2.64 seconds
2025-06-04 10:19:52,802 - scraper - INFO - Adding delay of 3.44 seconds
2025-06-04 10:19:56,366 - scraper - INFO - Adding delay of 3.35 seconds
2025-06-04 10:19:59,907 - scraper - INFO - Adding delay of 3.77 seconds
2025-06-04 10:20:03,814 - scraper - INFO - Adding delay of 4.34 seconds
2025-06-04 10:20:08,308 - scraper - INFO - Adding delay of 2.76 seconds
2025-06-04 10:20:11,312 - scraper - INFO - Adding delay of 3.41 seconds
2025-06-04 10:20:14,882 - scraper - INFO - Adding delay of 4.73 seconds
2025-06-04 10:20:19,747 - scraper - INFO - Adding delay of 4.39 seconds
2025-06-04 10:20:24,268 - scraper - INFO - Adding delay of 2.33 seconds
2025-06-04 10:20:26,757 - scraper - INFO - Adding delay of 3.06 seconds
2025-06-04 10:20:29,948 - scraper - INFO - Adding delay of 2.29 seconds
2025-06-04 10:20:32,436 - scraper - INFO - Adding delay of 2.70 seconds
2025-06-04 10:20:35,339 - scraper - INFO - Adding delay of 4.52 seconds
2025-06-04 10:20:40,063 - scraper - INFO - Adding delay of 4.23 seconds
2025-06-04 10:20:44,507 - scraper - INFO - Adding delay of 3.35 seconds
2025-06-04 10:20:48,001 - scraper - INFO - Adding delay of 4.30 seconds
2025-06-04 10:20:52,425 - scraper - INFO - Adding delay of 3.12 seconds
2025-06-04 10:20:55,717 - scraper - INFO - Adding delay of 2.93 seconds
2025-06-04 10:20:58,847 - scraper - INFO - Adding delay of 2.68 seconds
2025-06-04 10:21:01,681 - scraper - INFO - Adding delay of 4.95 seconds
2025-06-04 10:21:06,763 - scraper - INFO - Adding delay of 3.77 seconds
2025-06-04 10:21:10,800 - scraper - INFO - Adding delay of 4.58 seconds
2025-06-04 10:21:15,614 - scraper - INFO - Adding delay of 3.53 seconds
2025-06-04 10:21:19,291 - scraper - INFO - Adding delay of 2.69 seconds
2025-06-04 10:21:22,139 - scraper - INFO - Adding delay of 4.05 seconds
2025-06-04 10:21:26,345 - scraper - INFO - Adding delay of 3.08 seconds
2025-06-04 10:21:29,623 - scraper - INFO - Adding delay of 3.01 seconds
2025-06-04 10:21:32,760 - scraper - INFO - Scraped 50 comments for video 3
2025-06-04 10:21:32,760 - scraper - INFO - Processing video 4/12: https://www.tiktok.com/@gionmedia21/video/7511488126745939222
2025-06-04 10:21:32,760 - scraper - INFO - Adding delay of 2.99 seconds
2025-06-04 10:22:23,810 - scraper - INFO - No popup/captcha detected
2025-06-04 10:22:23,871 - scraper - INFO - Attempting to scrape up to 50 comments...
2025-06-04 10:22:59,284 - scraper - INFO - Adding delay of 4.95 seconds
2025-06-04 10:23:04,400 - scraper - INFO - Adding delay of 2.51 seconds
2025-06-04 10:23:07,067 - scraper - INFO - Adding delay of 3.17 seconds
2025-06-04 10:23:10,424 - scraper - INFO - Adding delay of 4.43 seconds
2025-06-04 10:23:15,097 - scraper - INFO - Adding delay of 2.73 seconds
2025-06-04 10:23:18,076 - scraper - INFO - Adding delay of 2.65 seconds
2025-06-04 10:23:20,951 - scraper - INFO - Adding delay of 4.45 seconds
2025-06-04 10:23:25,596 - scraper - INFO - Adding delay of 3.15 seconds
2025-06-04 10:23:28,901 - scraper - INFO - Adding delay of 2.87 seconds
2025-06-04 10:23:32,000 - scraper - INFO - Adding delay of 3.80 seconds
2025-06-04 10:23:35,976 - scraper - INFO - Adding delay of 3.57 seconds
2025-06-04 10:23:39,744 - scraper - INFO - Adding delay of 4.83 seconds
2025-06-04 10:23:44,737 - scraper - INFO - Adding delay of 4.81 seconds
2025-06-04 10:23:49,757 - scraper - INFO - Adding delay of 2.79 seconds
2025-06-04 10:23:52,721 - scraper - INFO - Adding delay of 3.85 seconds
2025-06-04 10:23:56,761 - scraper - INFO - Adding delay of 2.81 seconds
2025-06-04 10:23:59,749 - scraper - INFO - Adding delay of 4.40 seconds
2025-06-04 10:24:04,305 - scraper - INFO - Adding delay of 4.43 seconds
2025-06-04 10:24:08,895 - scraper - INFO - Adding delay of 4.51 seconds
2025-06-04 10:24:13,568 - scraper - INFO - Adding delay of 3.66 seconds
2025-06-04 10:24:17,419 - scraper - INFO - Adding delay of 2.43 seconds
2025-06-04 10:24:20,012 - scraper - INFO - Adding delay of 4.78 seconds
2025-06-04 10:24:24,956 - scraper - INFO - Adding delay of 4.15 seconds
2025-06-04 10:24:29,315 - scraper - INFO - Adding delay of 4.28 seconds
2025-06-04 10:24:33,847 - scraper - INFO - Adding delay of 2.92 seconds
2025-06-04 10:24:36,958 - scraper - INFO - Adding delay of 2.37 seconds
2025-06-04 10:24:39,561 - scraper - INFO - Adding delay of 4.83 seconds
2025-06-04 10:24:44,661 - scraper - INFO - Adding delay of 4.04 seconds
2025-06-04 10:24:48,855 - scraper - INFO - Adding delay of 4.35 seconds
2025-06-04 10:24:53,415 - scraper - INFO - Adding delay of 4.96 seconds
2025-06-04 10:24:58,662 - scraper - INFO - Adding delay of 4.56 seconds
2025-06-04 10:25:03,403 - scraper - INFO - Adding delay of 4.69 seconds
2025-06-04 10:25:08,273 - scraper - INFO - Adding delay of 4.33 seconds
2025-06-04 10:25:12,736 - scraper - INFO - Adding delay of 2.54 seconds
2025-06-04 10:25:15,492 - scraper - INFO - Adding delay of 2.21 seconds
2025-06-04 10:25:17,949 - scraper - INFO - Adding delay of 4.65 seconds
2025-06-04 10:25:22,737 - scraper - INFO - Adding delay of 3.89 seconds
2025-06-04 10:25:26,783 - scraper - INFO - Adding delay of 2.37 seconds
2025-06-04 10:25:29,356 - scraper - INFO - Adding delay of 3.70 seconds
2025-06-04 10:25:33,287 - scraper - INFO - Adding delay of 2.32 seconds
2025-06-04 10:25:35,782 - scraper - INFO - Adding delay of 3.20 seconds
2025-06-04 10:25:39,154 - scraper - INFO - Adding delay of 3.15 seconds
2025-06-04 10:25:42,499 - scraper - INFO - Adding delay of 4.56 seconds
2025-06-04 10:25:47,266 - scraper - INFO - Adding delay of 4.73 seconds
2025-06-04 10:25:52,152 - scraper - INFO - Adding delay of 3.49 seconds
2025-06-04 10:25:55,907 - scraper - INFO - Adding delay of 3.22 seconds
2025-06-04 10:25:59,469 - scraper - INFO - Adding delay of 4.10 seconds
2025-06-04 10:26:03,784 - scraper - INFO - Adding delay of 3.20 seconds
2025-06-04 10:26:07,152 - scraper - INFO - Adding delay of 3.29 seconds
2025-06-04 10:26:10,635 - scraper - INFO - Scraped 50 comments for video 4
2025-06-04 10:26:10,636 - scraper - INFO - Processing video 5/12: https://www.tiktok.com/@asaregnawfano19/video/7446127378511760645
2025-06-04 10:26:10,636 - scraper - INFO - Adding delay of 3.72 seconds
2025-06-04 10:27:02,584 - scraper - INFO - No popup/captcha detected
2025-06-04 10:27:02,699 - scraper - INFO - Attempting to scrape up to 50 comments...
2025-06-04 10:27:37,598 - scraper - INFO - Adding delay of 4.54 seconds
2025-06-04 10:27:42,304 - scraper - INFO - Adding delay of 3.80 seconds
2025-06-04 10:27:46,277 - scraper - INFO - Adding delay of 3.09 seconds
2025-06-04 10:27:49,552 - scraper - INFO - Adding delay of 2.62 seconds
2025-06-04 10:27:52,349 - scraper - INFO - Adding delay of 2.68 seconds
2025-06-04 10:27:55,192 - scraper - INFO - Adding delay of 2.55 seconds
2025-06-04 10:27:57,906 - scraper - INFO - Adding delay of 3.78 seconds
2025-06-04 10:28:01,865 - scraper - INFO - Adding delay of 2.66 seconds
2025-06-04 10:28:04,692 - scraper - INFO - Adding delay of 4.35 seconds
2025-06-04 10:28:09,227 - scraper - INFO - Adding delay of 3.37 seconds
2025-06-04 10:28:12,774 - scraper - INFO - Adding delay of 3.16 seconds
2025-06-04 10:28:16,061 - scraper - INFO - Adding delay of 3.96 seconds
2025-06-04 10:28:20,218 - scraper - INFO - Adding delay of 2.65 seconds
2025-06-04 10:28:23,077 - scraper - INFO - Adding delay of 3.38 seconds
2025-06-04 10:28:26,760 - scraper - INFO - Adding delay of 3.64 seconds
2025-06-04 10:28:30,718 - scraper - INFO - Adding delay of 4.26 seconds
2025-06-04 10:28:35,115 - scraper - INFO - Adding delay of 3.04 seconds
2025-06-04 10:28:38,345 - scraper - INFO - Adding delay of 2.56 seconds
2025-06-04 10:28:41,068 - scraper - INFO - Adding delay of 3.03 seconds
2025-06-04 10:28:44,235 - scraper - INFO - Adding delay of 2.76 seconds
2025-06-04 10:28:47,180 - scraper - INFO - Adding delay of 3.47 seconds
2025-06-04 10:28:50,822 - scraper - INFO - Adding delay of 4.89 seconds
2025-06-04 10:28:55,881 - scraper - INFO - Adding delay of 3.44 seconds
2025-06-04 10:28:59,488 - scraper - INFO - Adding delay of 3.33 seconds
2025-06-04 10:29:02,968 - scraper - INFO - Adding delay of 4.24 seconds
2025-06-04 10:29:07,425 - scraper - INFO - Adding delay of 4.89 seconds
2025-06-04 10:29:12,470 - scraper - INFO - Adding delay of 3.46 seconds
2025-06-04 10:29:16,091 - scraper - INFO - Adding delay of 3.16 seconds
2025-06-04 10:29:19,459 - scraper - INFO - Adding delay of 3.00 seconds
2025-06-04 10:29:22,618 - scraper - INFO - Adding delay of 2.53 seconds
2025-06-04 10:29:25,330 - scraper - INFO - Adding delay of 4.82 seconds
2025-06-04 10:29:30,284 - scraper - INFO - Adding delay of 2.01 seconds
2025-06-04 10:29:32,478 - scraper - INFO - Adding delay of 4.33 seconds
2025-06-04 10:29:36,951 - scraper - INFO - Adding delay of 3.82 seconds
2025-06-04 10:29:40,994 - scraper - INFO - Adding delay of 3.32 seconds
2025-06-04 10:29:44,537 - scraper - INFO - Adding delay of 3.07 seconds
2025-06-04 10:29:47,785 - scraper - INFO - Adding delay of 2.81 seconds
2025-06-04 10:29:50,845 - scraper - INFO - Adding delay of 2.15 seconds
2025-06-04 10:29:53,157 - scraper - INFO - Adding delay of 2.86 seconds
2025-06-04 10:29:56,224 - scraper - INFO - Adding delay of 2.50 seconds
2025-06-04 10:29:58,857 - scraper - INFO - Adding delay of 3.39 seconds
2025-06-04 10:30:02,376 - scraper - INFO - Adding delay of 4.90 seconds
2025-06-04 10:30:07,425 - scraper - INFO - Adding delay of 2.88 seconds
2025-06-04 10:30:10,448 - scraper - INFO - Adding delay of 4.29 seconds
2025-06-04 10:30:14,897 - scraper - INFO - Adding delay of 2.91 seconds
2025-06-04 10:30:18,005 - scraper - INFO - Adding delay of 3.95 seconds
2025-06-04 10:30:22,222 - scraper - INFO - Adding delay of 4.81 seconds
2025-06-04 10:30:27,230 - scraper - INFO - Adding delay of 3.83 seconds
2025-06-04 10:30:31,266 - scraper - INFO - Adding delay of 4.19 seconds
2025-06-04 10:30:35,610 - scraper - INFO - Scraped 50 comments for video 5
2025-06-04 10:30:35,611 - scraper - INFO - Processing video 6/12: https://www.tiktok.com/@yalew_adugna/video/7503195298039221510
2025-06-04 10:30:35,612 - scraper - INFO - Adding delay of 4.50 seconds
2025-06-04 10:31:27,895 - scraper - INFO - No popup/captcha detected
2025-06-04 10:31:27,998 - scraper - INFO - Attempting to scrape up to 50 comments...
2025-06-04 10:32:02,780 - scraper - INFO - Adding delay of 4.03 seconds
2025-06-04 10:32:06,989 - scraper - INFO - Adding delay of 4.84 seconds
2025-06-04 10:32:12,001 - scraper - INFO - Adding delay of 2.01 seconds
2025-06-04 10:32:14,197 - scraper - INFO - Adding delay of 4.56 seconds
2025-06-04 10:32:18,949 - scraper - INFO - Adding delay of 3.03 seconds
2025-06-04 10:32:22,131 - scraper - INFO - Adding delay of 3.29 seconds
2025-06-04 10:32:25,591 - scraper - INFO - Adding delay of 4.43 seconds
2025-06-04 10:32:30,197 - scraper - INFO - Adding delay of 3.18 seconds
2025-06-04 10:32:33,505 - scraper - INFO - Adding delay of 2.65 seconds
2025-06-04 10:32:36,296 - scraper - INFO - Adding delay of 3.33 seconds
2025-06-04 10:32:39,789 - scraper - INFO - Adding delay of 4.79 seconds
2025-06-04 10:32:44,725 - scraper - INFO - Adding delay of 2.65 seconds
2025-06-04 10:32:47,536 - scraper - INFO - Adding delay of 2.40 seconds
2025-06-04 10:32:50,084 - scraper - INFO - Adding delay of 3.05 seconds
2025-06-04 10:32:53,356 - scraper - INFO - Adding delay of 3.80 seconds
2025-06-04 10:32:57,326 - scraper - INFO - Adding delay of 3.63 seconds
2025-06-04 10:33:01,089 - scraper - INFO - Adding delay of 4.15 seconds
2025-06-04 10:33:05,456 - scraper - INFO - Adding delay of 2.13 seconds
2025-06-04 10:33:07,758 - scraper - INFO - Adding delay of 3.04 seconds
2025-06-04 10:33:10,961 - scraper - INFO - Adding delay of 3.05 seconds
2025-06-04 10:33:14,187 - scraper - INFO - Adding delay of 4.39 seconds
2025-06-04 10:33:18,759 - scraper - INFO - Adding delay of 4.02 seconds
2025-06-04 10:33:23,069 - scraper - INFO - Adding delay of 4.36 seconds
2025-06-04 10:33:27,745 - scraper - INFO - Adding delay of 2.68 seconds
2025-06-04 10:33:30,835 - scraper - INFO - Adding delay of 4.40 seconds
2025-06-04 10:33:35,515 - scraper - INFO - Adding delay of 3.78 seconds
2025-06-04 10:33:39,469 - scraper - INFO - Adding delay of 2.33 seconds
2025-06-04 10:33:41,930 - scraper - INFO - Adding delay of 4.42 seconds
2025-06-04 10:33:46,481 - scraper - INFO - Adding delay of 2.54 seconds
2025-06-04 10:33:49,152 - scraper - INFO - Adding delay of 2.38 seconds
2025-06-04 10:33:51,659 - scraper - INFO - Adding delay of 3.73 seconds
2025-06-04 10:33:55,556 - scraper - INFO - Adding delay of 2.48 seconds
2025-06-04 10:33:58,190 - scraper - INFO - Adding delay of 2.23 seconds
2025-06-04 10:34:00,562 - scraper - INFO - Adding delay of 3.44 seconds
2025-06-04 10:34:04,129 - scraper - INFO - Adding delay of 2.31 seconds
2025-06-04 10:34:06,554 - scraper - INFO - Adding delay of 4.98 seconds
2025-06-04 10:34:11,794 - scraper - INFO - Adding delay of 3.96 seconds
2025-06-04 10:34:15,894 - scraper - INFO - Adding delay of 3.41 seconds
2025-06-04 10:34:19,468 - scraper - INFO - Adding delay of 4.65 seconds
2025-06-04 10:34:24,259 - scraper - INFO - Adding delay of 4.95 seconds
2025-06-04 10:34:29,334 - scraper - INFO - Adding delay of 2.03 seconds
2025-06-04 10:34:31,494 - scraper - INFO - Adding delay of 2.71 seconds
2025-06-04 10:34:34,355 - scraper - INFO - Adding delay of 4.30 seconds
2025-06-04 10:34:38,804 - scraper - INFO - Adding delay of 3.85 seconds
2025-06-04 10:34:42,828 - scraper - INFO - Adding delay of 2.41 seconds
2025-06-04 10:34:45,414 - scraper - INFO - Adding delay of 4.51 seconds
2025-06-04 10:34:50,197 - scraper - INFO - Adding delay of 2.29 seconds
2025-06-04 10:34:52,690 - scraper - INFO - Adding delay of 3.40 seconds
2025-06-04 10:34:56,238 - scraper - INFO - Adding delay of 4.94 seconds
2025-06-04 10:35:01,340 - scraper - INFO - Scraped 50 comments for video 6
2025-06-04 10:35:01,341 - scraper - INFO - Processing video 7/12: https://www.tiktok.com/@mariyam21rm/video/7489703255665069330
2025-06-04 10:35:01,341 - scraper - INFO - Adding delay of 3.66 seconds
2025-06-04 10:35:52,116 - scraper - INFO - No popup/captcha detected
2025-06-04 10:35:52,207 - scraper - INFO - Attempting to scrape up to 50 comments...
2025-06-04 10:36:44,719 - scraper - INFO - Adding delay of 2.50 seconds
2025-06-04 10:36:47,339 - scraper - INFO - Adding delay of 4.56 seconds
2025-06-04 10:36:52,354 - scraper - INFO - Adding delay of 3.65 seconds
2025-06-04 10:36:56,248 - scraper - INFO - Adding delay of 4.76 seconds
2025-06-04 10:37:01,174 - scraper - INFO - Adding delay of 2.72 seconds
2025-06-04 10:37:04,102 - scraper - INFO - Adding delay of 4.36 seconds
2025-06-04 10:37:08,672 - scraper - INFO - Adding delay of 3.95 seconds
2025-06-04 10:37:12,836 - scraper - INFO - Adding delay of 3.11 seconds
2025-06-04 10:37:16,158 - scraper - INFO - Adding delay of 2.29 seconds
2025-06-04 10:37:18,690 - scraper - INFO - Adding delay of 3.01 seconds
2025-06-04 10:37:21,850 - scraper - INFO - Adding delay of 3.56 seconds
2025-06-04 10:37:25,738 - scraper - INFO - Adding delay of 4.72 seconds
2025-06-04 10:37:30,683 - scraper - INFO - Adding delay of 4.60 seconds
2025-06-04 10:37:35,507 - scraper - INFO - Adding delay of 2.45 seconds
2025-06-04 10:37:38,220 - scraper - INFO - Adding delay of 4.01 seconds
2025-06-04 10:37:42,429 - scraper - INFO - Adding delay of 3.97 seconds
2025-06-04 10:37:46,635 - scraper - INFO - Adding delay of 4.44 seconds
2025-06-04 10:37:51,417 - scraper - INFO - Adding delay of 4.06 seconds
2025-06-04 10:37:55,661 - scraper - INFO - Adding delay of 4.44 seconds
2025-06-04 10:38:00,273 - scraper - INFO - Scraped 20 comments for video 7
2025-06-04 10:38:00,274 - scraper - INFO - Processing video 8/12: https://www.tiktok.com/@isayas_family/video/7497254862095289623
2025-06-04 10:38:00,274 - scraper - INFO - Adding delay of 2.44 seconds
2025-06-04 10:38:49,098 - scraper - INFO - No popup/captcha detected
2025-06-04 10:38:49,174 - scraper - INFO - Attempting to scrape up to 50 comments...
2025-06-04 10:39:23,776 - scraper - INFO - Adding delay of 4.77 seconds
2025-06-04 10:39:28,734 - scraper - INFO - Adding delay of 4.89 seconds
2025-06-04 10:39:33,890 - scraper - INFO - Adding delay of 3.40 seconds
2025-06-04 10:39:37,465 - scraper - INFO - Adding delay of 2.74 seconds
2025-06-04 10:39:40,370 - scraper - INFO - Adding delay of 4.25 seconds
2025-06-04 10:39:44,797 - scraper - INFO - Adding delay of 2.46 seconds
2025-06-04 10:39:47,422 - scraper - INFO - Adding delay of 4.90 seconds
2025-06-04 10:39:52,445 - scraper - INFO - Adding delay of 3.70 seconds
2025-06-04 10:39:56,303 - scraper - INFO - Adding delay of 2.04 seconds
2025-06-04 10:39:58,509 - scraper - INFO - Adding delay of 4.54 seconds
2025-06-04 10:40:03,194 - scraper - INFO - Adding delay of 3.41 seconds
2025-06-04 10:40:06,758 - scraper - INFO - Adding delay of 4.21 seconds
2025-06-04 10:40:11,168 - scraper - INFO - Adding delay of 2.69 seconds
2025-06-04 10:40:13,993 - scraper - INFO - Adding delay of 3.70 seconds
2025-06-04 10:40:17,851 - scraper - INFO - Adding delay of 3.79 seconds
2025-06-04 10:40:21,800 - scraper - INFO - Adding delay of 2.19 seconds
2025-06-04 10:40:24,137 - scraper - INFO - Adding delay of 3.34 seconds
2025-06-04 10:40:27,605 - scraper - INFO - Adding delay of 3.60 seconds
2025-06-04 10:40:31,477 - scraper - INFO - Adding delay of 2.77 seconds
2025-06-04 10:40:34,463 - scraper - INFO - Adding delay of 3.54 seconds
2025-06-04 10:40:38,248 - scraper - INFO - Adding delay of 2.35 seconds
2025-06-04 10:40:40,765 - scraper - INFO - Adding delay of 4.74 seconds
2025-06-04 10:40:45,640 - scraper - INFO - Adding delay of 4.66 seconds
2025-06-04 10:40:50,424 - scraper - INFO - Adding delay of 4.45 seconds
2025-06-04 10:40:55,038 - scraper - INFO - Adding delay of 4.86 seconds
2025-06-04 10:41:00,034 - scraper - INFO - Adding delay of 2.10 seconds
2025-06-04 10:41:02,289 - scraper - INFO - Adding delay of 2.50 seconds
2025-06-04 10:41:04,986 - scraper - INFO - Adding delay of 2.47 seconds
2025-06-04 10:41:07,577 - scraper - INFO - Adding delay of 2.19 seconds
2025-06-04 10:41:09,933 - scraper - INFO - Adding delay of 4.48 seconds
2025-06-04 10:41:14,583 - scraper - INFO - Adding delay of 4.59 seconds
2025-06-04 10:41:19,344 - scraper - INFO - Adding delay of 4.66 seconds
2025-06-04 10:41:24,222 - scraper - INFO - Adding delay of 3.72 seconds
2025-06-04 10:41:28,151 - scraper - INFO - Adding delay of 4.16 seconds
2025-06-04 10:41:32,588 - scraper - INFO - Adding delay of 2.18 seconds
2025-06-04 10:41:34,989 - scraper - INFO - Adding delay of 4.03 seconds
2025-06-04 10:41:39,165 - scraper - INFO - Adding delay of 2.02 seconds
2025-06-04 10:41:41,323 - scraper - INFO - Adding delay of 2.60 seconds
2025-06-04 10:41:44,191 - scraper - INFO - Adding delay of 4.51 seconds
2025-06-04 10:41:48,874 - scraper - INFO - Adding delay of 2.62 seconds
2025-06-04 10:41:51,924 - scraper - INFO - Adding delay of 4.36 seconds
2025-06-04 10:41:56,498 - scraper - INFO - Adding delay of 3.40 seconds
2025-06-04 10:42:00,171 - scraper - INFO - Adding delay of 2.34 seconds
2025-06-04 10:42:02,931 - scraper - INFO - Adding delay of 3.10 seconds
2025-06-04 10:42:06,840 - scraper - INFO - Adding delay of 4.49 seconds
2025-06-04 10:42:11,984 - scraper - INFO - Adding delay of 3.54 seconds
2025-06-04 10:42:15,993 - scraper - INFO - Adding delay of 4.65 seconds
2025-06-04 10:42:20,985 - scraper - INFO - Adding delay of 2.33 seconds
2025-06-04 10:42:23,492 - scraper - INFO - Adding delay of 4.37 seconds
2025-06-04 10:42:28,033 - scraper - INFO - Scraped 50 comments for video 8
2025-06-04 10:42:28,034 - scraper - INFO - Processing video 9/12: https://www.tiktok.com/@fano50588/video/7497583100956921096
2025-06-04 10:42:28,034 - scraper - INFO - Adding delay of 3.88 seconds
2025-06-04 10:43:15,457 - scraper - INFO - No popup/captcha detected
2025-06-04 10:43:15,542 - scraper - INFO - Attempting to scrape up to 50 comments...
2025-06-04 10:43:50,354 - scraper - INFO - Adding delay of 2.78 seconds
2025-06-04 10:43:53,329 - scraper - INFO - Adding delay of 4.23 seconds
2025-06-04 10:43:57,717 - scraper - INFO - Adding delay of 4.76 seconds
2025-06-04 10:44:02,601 - scraper - INFO - Adding delay of 3.37 seconds
2025-06-04 10:44:06,764 - scraper - INFO - Adding delay of 4.98 seconds
2025-06-04 10:44:11,963 - scraper - INFO - Adding delay of 2.04 seconds
2025-06-04 10:44:14,174 - scraper - INFO - Adding delay of 2.22 seconds
2025-06-04 10:44:16,570 - scraper - INFO - Adding delay of 2.33 seconds
2025-06-04 10:44:19,069 - scraper - INFO - Adding delay of 2.22 seconds
2025-06-04 10:44:21,420 - scraper - INFO - Adding delay of 3.67 seconds
2025-06-04 10:44:25,279 - scraper - INFO - Adding delay of 4.92 seconds
2025-06-04 10:44:30,421 - scraper - INFO - Adding delay of 2.43 seconds
2025-06-04 10:44:33,068 - scraper - INFO - Adding delay of 2.38 seconds
2025-06-04 10:44:35,640 - scraper - INFO - Adding delay of 2.24 seconds
2025-06-04 10:44:38,047 - scraper - INFO - Adding delay of 3.46 seconds
2025-06-04 10:44:41,642 - scraper - INFO - Adding delay of 4.71 seconds
2025-06-04 10:44:46,493 - scraper - INFO - Adding delay of 2.82 seconds
2025-06-04 10:44:49,487 - scraper - INFO - Adding delay of 3.98 seconds
2025-06-04 10:44:53,681 - scraper - INFO - Adding delay of 2.88 seconds
2025-06-04 10:44:56,722 - scraper - INFO - Adding delay of 3.51 seconds
2025-06-04 10:45:00,408 - scraper - INFO - Adding delay of 3.74 seconds
2025-06-04 10:45:04,427 - scraper - INFO - Adding delay of 3.74 seconds
2025-06-04 10:45:08,375 - scraper - INFO - Adding delay of 4.21 seconds
2025-06-04 10:45:12,778 - scraper - INFO - Adding delay of 2.96 seconds
2025-06-04 10:45:15,903 - scraper - INFO - Adding delay of 3.51 seconds
2025-06-04 10:45:19,558 - scraper - INFO - Adding delay of 4.65 seconds
2025-06-04 10:45:24,412 - scraper - INFO - Adding delay of 4.83 seconds
2025-06-04 10:45:29,445 - scraper - INFO - Adding delay of 4.01 seconds
2025-06-04 10:45:33,646 - scraper - INFO - Adding delay of 4.27 seconds
2025-06-04 10:45:38,167 - scraper - INFO - Adding delay of 4.98 seconds
2025-06-04 10:45:43,352 - scraper - INFO - Adding delay of 3.35 seconds
2025-06-04 10:45:46,884 - scraper - INFO - Adding delay of 4.56 seconds
2025-06-04 10:45:51,640 - scraper - INFO - Adding delay of 4.29 seconds
2025-06-04 10:45:56,111 - scraper - INFO - Adding delay of 4.68 seconds
2025-06-04 10:46:00,966 - scraper - INFO - Adding delay of 2.87 seconds
2025-06-04 10:46:04,000 - scraper - INFO - Adding delay of 3.54 seconds
2025-06-04 10:46:07,743 - scraper - INFO - Adding delay of 3.11 seconds
2025-06-04 10:46:11,026 - scraper - INFO - Adding delay of 2.25 seconds
2025-06-04 10:46:13,456 - scraper - INFO - Adding delay of 2.83 seconds
2025-06-04 10:46:16,425 - scraper - INFO - Adding delay of 4.17 seconds
2025-06-04 10:46:20,781 - scraper - INFO - Adding delay of 4.00 seconds
2025-06-04 10:46:24,966 - scraper - INFO - Adding delay of 3.06 seconds
2025-06-04 10:46:28,219 - scraper - INFO - Adding delay of 3.52 seconds
2025-06-04 10:46:31,919 - scraper - INFO - Adding delay of 2.94 seconds
2025-06-04 10:46:35,040 - scraper - INFO - Adding delay of 4.77 seconds
2025-06-04 10:46:39,980 - scraper - INFO - Adding delay of 4.13 seconds
2025-06-04 10:46:44,536 - scraper - INFO - Adding delay of 3.03 seconds
2025-06-04 10:46:47,769 - scraper - INFO - Adding delay of 3.19 seconds
2025-06-04 10:46:51,251 - scraper - INFO - Adding delay of 3.84 seconds
2025-06-04 10:46:55,310 - scraper - INFO - Scraped 50 comments for video 9
2025-06-04 10:46:55,310 - scraper - INFO - Processing video 10/12: https://www.tiktok.com/@fanopost/video/7449008052273138949
2025-06-04 10:46:55,311 - scraper - INFO - Adding delay of 2.78 seconds
2025-06-04 10:47:40,666 - scraper - INFO - No popup/captcha detected
2025-06-04 10:47:40,748 - scraper - INFO - Attempting to scrape up to 50 comments...
2025-06-04 10:56:54,488 - scraper - INFO - Adding delay of 4.53 seconds
2025-06-04 10:56:59,242 - scraper - INFO - Adding delay of 3.17 seconds
2025-06-04 10:57:05,725 - scraper - INFO - Adding delay of 4.33 seconds
2025-06-04 10:57:10,494 - scraper - INFO - Adding delay of 2.24 seconds
2025-06-04 10:57:13,123 - scraper - INFO - Adding delay of 3.21 seconds
2025-06-04 10:57:16,645 - scraper - INFO - Adding delay of 4.90 seconds
2025-06-04 10:57:21,839 - scraper - INFO - Adding delay of 2.88 seconds
2025-06-04 10:57:25,453 - scraper - INFO - Adding delay of 4.65 seconds
2025-06-04 10:57:30,305 - scraper - INFO - Adding delay of 2.97 seconds
2025-06-04 10:57:33,499 - scraper - INFO - Adding delay of 2.28 seconds
2025-06-04 10:57:35,985 - scraper - INFO - Adding delay of 3.74 seconds
2025-06-04 10:57:40,029 - scraper - INFO - Adding delay of 3.41 seconds
2025-06-04 10:57:43,608 - scraper - INFO - Adding delay of 4.57 seconds
2025-06-04 10:57:48,569 - scraper - INFO - Adding delay of 2.79 seconds
2025-06-04 10:57:51,529 - scraper - INFO - Adding delay of 4.75 seconds
2025-06-04 10:57:56,441 - scraper - INFO - Adding delay of 4.82 seconds
2025-06-04 10:58:01,457 - scraper - INFO - Adding delay of 3.38 seconds
2025-06-04 10:58:05,065 - scraper - INFO - Adding delay of 3.72 seconds
2025-06-04 10:58:08,948 - scraper - INFO - Adding delay of 2.30 seconds
2025-06-04 10:58:11,589 - scraper - INFO - Adding delay of 3.44 seconds
2025-06-04 10:58:15,170 - scraper - INFO - Adding delay of 3.36 seconds
2025-06-04 10:58:18,679 - scraper - INFO - Adding delay of 4.73 seconds
2025-06-04 10:58:23,623 - scraper - INFO - Adding delay of 3.55 seconds
2025-06-04 10:58:27,739 - scraper - INFO - Scraped 25 comments for video 10
2025-06-04 10:58:27,739 - scraper - INFO - Processing video 11/12: https://www.tiktok.com/@ethio.right1/video/7511726314647227653
2025-06-04 10:58:27,739 - scraper - INFO - Adding delay of 3.22 seconds
2025-06-04 10:59:22,707 - scraper - INFO - No popup/captcha detected
2025-06-04 10:59:22,800 - scraper - INFO - Attempting to scrape up to 50 comments...
2025-06-04 11:08:07,186 - scraper - INFO - Adding delay of 2.17 seconds
2025-06-04 11:08:09,663 - scraper - INFO - Scraped 2 comments for video 11
2025-06-04 11:08:09,663 - scraper - INFO - Processing video 12/12: https://www.tiktok.com/@senperdesta/video/7508976454818893061
2025-06-04 11:08:09,667 - scraper - INFO - Adding delay of 3.09 seconds
2025-06-04 11:09:00,553 - scraper - INFO - No popup/captcha detected
2025-06-04 11:09:00,689 - scraper - INFO - Attempting to scrape up to 50 comments...
2025-06-04 11:09:45,737 - scraper - INFO - Adding delay of 4.81 seconds
2025-06-04 11:09:50,731 - scraper - INFO - Adding delay of 4.75 seconds
2025-06-04 11:09:55,654 - scraper - INFO - Adding delay of 2.94 seconds
2025-06-04 11:09:58,754 - scraper - INFO - Adding delay of 3.04 seconds
2025-06-04 11:10:01,936 - scraper - INFO - Adding delay of 3.06 seconds
2025-06-04 11:10:05,156 - scraper - INFO - Adding delay of 2.55 seconds
2025-06-04 11:10:07,855 - scraper - INFO - Adding delay of 3.42 seconds
2025-06-04 11:10:11,450 - scraper - INFO - Adding delay of 5.00 seconds
2025-06-04 11:10:16,592 - scraper - INFO - Adding delay of 3.33 seconds
2025-06-04 11:10:20,249 - scraper - INFO - Adding delay of 3.31 seconds
2025-06-04 11:10:23,771 - scraper - INFO - Adding delay of 4.70 seconds
2025-06-04 11:10:28,630 - scraper - INFO - Adding delay of 4.02 seconds
2025-06-04 11:10:32,794 - scraper - INFO - Adding delay of 2.85 seconds
2025-06-04 11:10:35,772 - scraper - INFO - Adding delay of 4.71 seconds
2025-06-04 11:10:40,604 - scraper - INFO - Adding delay of 3.71 seconds
2025-06-04 11:10:44,476 - scraper - INFO - Adding delay of 3.26 seconds
2025-06-04 11:10:47,867 - scraper - INFO - Adding delay of 3.94 seconds
2025-06-04 11:10:51,946 - scraper - INFO - Adding delay of 3.28 seconds
2025-06-04 11:10:55,405 - scraper - INFO - Adding delay of 2.25 seconds
2025-06-04 11:10:57,817 - scraper - INFO - Adding delay of 2.83 seconds
2025-06-04 11:11:00,775 - scraper - INFO - Adding delay of 4.27 seconds
2025-06-04 11:11:05,171 - scraper - INFO - Adding delay of 3.06 seconds
2025-06-04 11:11:08,376 - scraper - INFO - Adding delay of 2.80 seconds
2025-06-04 11:11:11,374 - scraper - INFO - Adding delay of 3.49 seconds
2025-06-04 11:11:15,017 - scraper - INFO - Adding delay of 4.05 seconds
2025-06-04 11:11:19,200 - scraper - INFO - Adding delay of 4.55 seconds
2025-06-04 11:11:23,898 - scraper - INFO - Adding delay of 2.02 seconds
2025-06-04 11:11:26,055 - scraper - INFO - Adding delay of 3.49 seconds
2025-06-04 11:11:29,713 - scraper - INFO - Adding delay of 2.70 seconds
2025-06-04 11:11:32,581 - scraper - INFO - Adding delay of 3.73 seconds
2025-06-04 11:11:36,469 - scraper - INFO - Adding delay of 3.62 seconds
2025-06-04 11:11:40,210 - scraper - INFO - Adding delay of 4.65 seconds
2025-06-04 11:11:44,994 - scraper - INFO - Adding delay of 4.48 seconds
2025-06-04 11:11:49,649 - scraper - INFO - Adding delay of 4.12 seconds
2025-06-04 11:11:53,896 - scraper - INFO - Adding delay of 2.60 seconds
2025-06-04 11:11:56,653 - scraper - INFO - Adding delay of 3.75 seconds
2025-06-04 11:12:00,672 - scraper - INFO - Adding delay of 4.17 seconds
2025-06-04 11:12:05,184 - scraper - INFO - Scraped 38 comments for video 12
2025-06-04 11:12:05,299 - scraper - INFO - Saved 12 search results with comments to results\tiktok_search_results_fano.json
2025-06-04 11:12:05,301 - __main__ - INFO - Completed processing keyword: fano
2025-06-04 11:12:05,302 - scraper - INFO - Closing Playwright browser and context...
2025-06-04 11:26:33,719 - database - ERROR - Failed to connect to MongoDB: name must be an instance of str
2025-06-04 11:26:33,719 - __main__ - ERROR - An error occurred: name must be an instance of str
2025-06-04 11:28:09,613 - database - INFO - Successfully connected to MongoDB
2025-06-04 11:28:09,613 - scraper - INFO - Setting up Playwright browser...
2025-06-04 11:28:12,655 - scraper - INFO - Using persistent user data directory: C:\Users\hp\Desktop\OSINT\TiktokScrap\TiktokSearchScrap1\playwright_user_data
2025-06-04 11:28:12,656 - tiktok_captcha_solver.launcher - WARNING - Selenium, playwright, and undetected chromedriver are no longer recommended for scraping. A better option is to use nodriver. To use nodriver, use the command 'make_nodriver_solver()' instead. To disable this warning, set the kwarg no_warn=True.
2025-06-04 11:28:16,926 - scraper - INFO - Playwright browser context with captcha solver initialized.
2025-06-04 11:28:17,295 - scraper - INFO - Set viewport size to 1280x720
2025-06-04 11:28:17,306 - __main__ - INFO - Processing keyword: fano
2025-06-04 11:28:17,306 - scraper - INFO - Searching TikTok for: fano
2025-06-04 11:28:23,648 - scraper - INFO - Navigated to search URL: https://www.tiktok.com/search?q=fano
2025-06-04 11:28:30,718 - scraper - INFO - Search results loaded successfully
2025-06-04 11:28:30,718 - scraper - INFO - Scraping search results and comments...
2025-06-04 11:28:30,828 - scraper - INFO - Found 12 video cards on the first page of search results.
2025-06-04 11:28:30,973 - scraper - INFO - Extracted initial data for card 0: https://www.tiktok.com/@gionmedia21/video/7511743224537550102
2025-06-04 11:28:30,975 - scraper - INFO - Adding delay of 4.29 seconds
2025-06-04 11:28:35,390 - scraper - INFO - Extracted initial data for card 1: https://www.tiktok.com/@zedingil12/video/7423822305593199878
2025-06-04 11:28:35,391 - scraper - INFO - Adding delay of 4.62 seconds
2025-06-04 11:28:40,130 - scraper - INFO - Extracted initial data for card 2: https://www.tiktok.com/@gionmedia21/video/7511488126745939222
2025-06-04 11:28:40,131 - scraper - INFO - Adding delay of 3.03 seconds
2025-06-04 11:28:43,314 - scraper - INFO - Extracted initial data for card 3: https://www.tiktok.com/@asaregnawfano19/video/7446127378511760645
2025-06-04 11:28:43,315 - scraper - INFO - Adding delay of 2.05 seconds
2025-06-04 11:28:45,500 - scraper - INFO - Extracted initial data for card 4: https://www.tiktok.com/@isayas_family/video/7497254862095289623
2025-06-04 11:28:45,501 - scraper - INFO - Adding delay of 4.13 seconds
2025-06-04 11:28:49,692 - scraper - INFO - Extracted initial data for card 5: https://www.tiktok.com/@user8858220382768/video/7486727769854872838
2025-06-04 11:28:49,693 - scraper - INFO - Adding delay of 3.71 seconds
2025-06-04 11:28:53,484 - scraper - INFO - Extracted initial data for card 6: https://www.tiktok.com/@yalew_adugna/video/7503195298039221510
2025-06-04 11:28:53,484 - scraper - INFO - Adding delay of 3.56 seconds
2025-06-04 11:28:57,103 - scraper - INFO - Extracted initial data for card 7: https://www.tiktok.com/@amen_gonderew/video/7481751870235479301
2025-06-04 11:28:57,118 - scraper - INFO - Adding delay of 3.08 seconds
2025-06-04 11:29:00,284 - scraper - INFO - Extracted initial data for card 8: https://www.tiktok.com/@mariyam21rm/video/7489703255665069330
2025-06-04 11:29:00,285 - scraper - INFO - Adding delay of 2.05 seconds
2025-06-04 11:29:02,454 - scraper - INFO - Extracted initial data for card 9: https://www.tiktok.com/@fanopost/video/7449008052273138949
2025-06-04 11:29:02,456 - scraper - INFO - Adding delay of 4.07 seconds
2025-06-04 11:29:06,620 - scraper - INFO - Extracted initial data for card 10: https://www.tiktok.com/@abastal/video/7342402389086883078
2025-06-04 11:29:06,620 - scraper - INFO - Adding delay of 3.12 seconds
2025-06-04 11:29:09,826 - scraper - INFO - Extracted initial data for card 11: https://www.tiktok.com/@yalew_adugna/video/7511935936830246149
2025-06-04 11:29:09,826 - scraper - INFO - Processing video 1/12: https://www.tiktok.com/@gionmedia21/video/7511743224537550102
2025-06-04 11:29:09,829 - scraper - INFO - Adding delay of 4.71 seconds
2025-06-04 11:29:54,573 - scraper - INFO - No popup/captcha detected
2025-06-04 11:29:54,735 - scraper - INFO - Attempting to scrape up to 50 comments...
2025-06-04 11:31:01,529 - scraper - INFO - 
==================================================
2025-06-04 11:31:01,529 - scraper - INFO - DEBUG: Comment 1
2025-06-04 11:31:01,529 - scraper - INFO - ==================================================
2025-06-04 11:31:01,534 - scraper - INFO - username: sale
2025-06-04 11:31:01,548 - scraper - INFO - date: 
2025-06-04 11:31:01,550 - scraper - INFO - likes: 
2025-06-04 11:31:01,550 - scraper - INFO - ==================================================

2025-06-04 11:31:03,086 - scraper - INFO - 
==================================================
2025-06-04 11:31:03,087 - scraper - INFO - DEBUG: Comment 2
2025-06-04 11:31:03,088 - scraper - INFO - ==================================================
2025-06-04 11:31:03,088 - scraper - INFO - username: ethiopia
2025-06-04 11:31:03,099 - scraper - INFO - date: 
2025-06-04 11:31:03,099 - scraper - INFO - likes: 
2025-06-04 11:31:03,100 - scraper - INFO - ==================================================

2025-06-04 11:31:03,100 - scraper - INFO - Adding delay of 4.74 seconds
2025-06-04 11:31:08,688 - scraper - INFO - 
==================================================
2025-06-04 11:31:08,688 - scraper - INFO - DEBUG: Comment 3
2025-06-04 11:31:08,689 - scraper - INFO - ==================================================
2025-06-04 11:31:08,711 - scraper - INFO - date: 
2025-06-04 11:31:08,714 - scraper - INFO - likes: 
2025-06-04 11:31:08,714 - scraper - INFO - ==================================================

2025-06-04 11:31:08,715 - scraper - INFO - Adding delay of 4.47 seconds
2025-06-04 11:31:13,619 - scraper - INFO - 
==================================================
2025-06-04 11:31:13,620 - scraper - INFO - DEBUG: Comment 4
2025-06-04 11:31:13,621 - scraper - INFO - ==================================================
2025-06-04 11:31:13,621 - scraper - INFO - username: Degu Zegeye
2025-06-04 11:31:13,631 - scraper - INFO - date: 
2025-06-04 11:31:13,631 - scraper - INFO - likes: 
2025-06-04 11:31:13,632 - scraper - INFO - ==================================================

2025-06-04 11:31:13,632 - scraper - INFO - Adding delay of 2.15 seconds
2025-06-04 11:31:16,270 - scraper - INFO - 
==================================================
2025-06-04 11:31:16,270 - scraper - INFO - DEBUG: Comment 5
2025-06-04 11:31:16,271 - scraper - INFO - ==================================================
2025-06-04 11:31:16,283 - scraper - INFO - date: 
2025-06-04 11:31:16,283 - scraper - INFO - likes: 
2025-06-04 11:31:16,284 - scraper - INFO - ==================================================

2025-06-04 11:31:16,284 - scraper - INFO - Adding delay of 4.41 seconds
2025-06-04 11:31:21,053 - scraper - INFO - 
==================================================
2025-06-04 11:31:21,054 - scraper - INFO - DEBUG: Comment 6
2025-06-04 11:31:21,055 - scraper - INFO - ==================================================
2025-06-04 11:31:21,055 - scraper - INFO - username: Kendu
2025-06-04 11:31:21,062 - scraper - INFO - date: 
2025-06-04 11:31:21,062 - scraper - INFO - likes: 
2025-06-04 11:31:21,062 - scraper - INFO - ==================================================

2025-06-04 11:31:21,063 - scraper - INFO - Adding delay of 4.88 seconds
2025-06-04 11:31:26,378 - scraper - INFO - 
==================================================
2025-06-04 11:31:26,378 - scraper - INFO - DEBUG: Comment 7
2025-06-04 11:31:26,380 - scraper - INFO - ==================================================
2025-06-04 11:31:26,380 - scraper - INFO - username: Kendu
2025-06-04 11:31:26,402 - scraper - INFO - date: 
2025-06-04 11:31:26,403 - scraper - INFO - likes: 
2025-06-04 11:31:26,404 - scraper - INFO - ==================================================

2025-06-04 11:31:26,405 - scraper - INFO - Adding delay of 3.30 seconds
2025-06-04 11:31:29,943 - scraper - INFO - 
==================================================
2025-06-04 11:31:29,945 - scraper - INFO - DEBUG: Comment 8
2025-06-04 11:31:29,945 - scraper - INFO - ==================================================
2025-06-04 11:31:29,945 - scraper - INFO - username: Kendu
2025-06-04 11:31:29,950 - scraper - INFO - date: 
2025-06-04 11:31:29,950 - scraper - INFO - likes: 
2025-06-04 11:31:29,951 - scraper - INFO - ==================================================

2025-06-04 11:31:29,951 - scraper - INFO - Adding delay of 2.12 seconds
2025-06-04 11:31:32,323 - scraper - INFO - 
==================================================
2025-06-04 11:31:32,323 - scraper - INFO - DEBUG: Comment 9
2025-06-04 11:31:32,323 - scraper - INFO - ==================================================
2025-06-04 11:31:32,323 - scraper - INFO - username: Kendu
2025-06-04 11:31:32,336 - scraper - INFO - date: 
2025-06-04 11:31:32,337 - scraper - INFO - likes: 
2025-06-04 11:31:32,337 - scraper - INFO - ==================================================

2025-06-04 11:31:32,337 - scraper - INFO - Adding delay of 4.58 seconds
2025-06-04 11:31:37,190 - scraper - INFO - 
==================================================
2025-06-04 11:31:37,190 - scraper - INFO - DEBUG: Comment 10
2025-06-04 11:31:37,192 - scraper - INFO - ==================================================
2025-06-04 11:31:37,192 - scraper - INFO - username: Kendu
2025-06-04 11:31:37,198 - scraper - INFO - date: 
2025-06-04 11:31:37,198 - scraper - INFO - likes: 
2025-06-04 11:31:37,198 - scraper - INFO - ==================================================

2025-06-04 11:31:37,198 - scraper - INFO - Adding delay of 3.61 seconds
2025-06-04 11:31:41,056 - scraper - INFO - 
==================================================
2025-06-04 11:31:41,057 - scraper - INFO - DEBUG: Comment 11
2025-06-04 11:31:41,057 - scraper - INFO - ==================================================
2025-06-04 11:31:41,057 - scraper - INFO - username: Kendu
2025-06-04 11:31:41,061 - scraper - INFO - date: 
2025-06-04 11:31:41,062 - scraper - INFO - likes: 
2025-06-04 11:31:41,062 - scraper - INFO - ==================================================

2025-06-04 11:31:41,062 - scraper - INFO - Adding delay of 3.68 seconds
2025-06-04 11:31:45,037 - scraper - INFO - 
==================================================
2025-06-04 11:31:45,039 - scraper - INFO - DEBUG: Comment 12
2025-06-04 11:31:45,039 - scraper - INFO - ==================================================
2025-06-04 11:31:45,039 - scraper - INFO - username: Kendu
2025-06-04 11:31:45,041 - scraper - INFO - date: 
2025-06-04 11:31:45,045 - scraper - INFO - likes: 
2025-06-04 11:31:45,045 - scraper - INFO - ==================================================

2025-06-04 11:31:45,047 - scraper - INFO - Adding delay of 2.08 seconds
2025-06-04 11:31:47,566 - scraper - INFO - 
==================================================
2025-06-04 11:31:47,566 - scraper - INFO - DEBUG: Comment 13
2025-06-04 11:31:47,566 - scraper - INFO - ==================================================
2025-06-04 11:31:47,568 - scraper - INFO - username: Kendu
2025-06-04 11:31:47,574 - scraper - INFO - date: 
2025-06-04 11:31:47,575 - scraper - INFO - likes: 
2025-06-04 11:31:47,575 - scraper - INFO - ==================================================

2025-06-04 11:31:47,576 - scraper - INFO - Adding delay of 4.13 seconds
2025-06-04 11:31:52,141 - scraper - INFO - 
==================================================
2025-06-04 11:31:52,141 - scraper - INFO - DEBUG: Comment 14
2025-06-04 11:31:52,141 - scraper - INFO - ==================================================
2025-06-04 11:31:52,144 - scraper - INFO - username: Kendu
2025-06-04 11:31:52,149 - scraper - INFO - date: 
2025-06-04 11:31:52,151 - scraper - INFO - likes: 
2025-06-04 11:31:52,151 - scraper - INFO - ==================================================

2025-06-04 11:31:52,151 - scraper - INFO - Adding delay of 4.89 seconds
2025-06-04 11:31:57,341 - scraper - INFO - 
==================================================
2025-06-04 11:31:57,341 - scraper - INFO - DEBUG: Comment 15
2025-06-04 11:31:57,341 - scraper - INFO - ==================================================
2025-06-04 11:31:57,341 - scraper - INFO - username: Kendu
2025-06-04 11:31:57,347 - scraper - INFO - date: 
2025-06-04 11:31:57,347 - scraper - INFO - likes: 
2025-06-04 11:31:57,348 - scraper - INFO - ==================================================

2025-06-04 11:31:57,348 - scraper - INFO - Adding delay of 4.36 seconds
2025-06-04 11:32:01,972 - scraper - INFO - 
==================================================
2025-06-04 11:32:01,972 - scraper - INFO - DEBUG: Comment 16
2025-06-04 11:32:01,972 - scraper - INFO - ==================================================
2025-06-04 11:32:01,972 - scraper - INFO - username: Kendu
2025-06-04 11:32:01,980 - scraper - INFO - date: 
2025-06-04 11:32:01,980 - scraper - INFO - likes: 
2025-06-04 11:32:01,981 - scraper - INFO - ==================================================

2025-06-04 11:32:01,981 - scraper - INFO - Adding delay of 2.37 seconds
2025-06-04 11:32:04,704 - scraper - INFO - 
==================================================
2025-06-04 11:32:04,704 - scraper - INFO - DEBUG: Comment 17
2025-06-04 11:32:04,704 - scraper - INFO - ==================================================
2025-06-04 11:32:04,705 - scraper - INFO - username: Solomon Gihon
2025-06-04 11:32:04,711 - scraper - INFO - date: 
2025-06-04 11:32:04,711 - scraper - INFO - likes: 
2025-06-04 11:32:04,712 - scraper - INFO - ==================================================

2025-06-04 11:32:04,712 - scraper - INFO - Adding delay of 4.34 seconds
2025-06-04 11:32:09,316 - scraper - INFO - 
==================================================
2025-06-04 11:32:09,316 - scraper - INFO - DEBUG: Comment 18
2025-06-04 11:32:09,316 - scraper - INFO - ==================================================
2025-06-04 11:32:09,316 - scraper - INFO - username: Sami felaw
2025-06-04 11:32:09,335 - scraper - INFO - date: 
2025-06-04 11:32:09,335 - scraper - INFO - likes: 
2025-06-04 11:32:09,335 - scraper - INFO - ==================================================

2025-06-04 11:32:09,336 - scraper - INFO - Adding delay of 4.20 seconds
2025-06-04 11:32:13,775 - scraper - INFO - 
==================================================
2025-06-04 11:32:13,775 - scraper - INFO - DEBUG: Comment 19
2025-06-04 11:32:13,776 - scraper - INFO - ==================================================
2025-06-04 11:32:13,776 - scraper - INFO - username: yawlaldenessa1892
2025-06-04 11:32:13,780 - scraper - INFO - date: 
2025-06-04 11:32:13,780 - scraper - INFO - likes: 
2025-06-04 11:32:13,780 - scraper - INFO - ==================================================

2025-06-04 11:32:13,782 - scraper - INFO - Adding delay of 4.83 seconds
2025-06-04 11:32:18,889 - scraper - INFO - 
==================================================
2025-06-04 11:32:18,890 - scraper - INFO - DEBUG: Comment 20
2025-06-04 11:32:18,891 - scraper - INFO - ==================================================
2025-06-04 11:32:18,891 - scraper - INFO - username: tega tega
2025-06-04 11:32:18,897 - scraper - INFO - date: 
2025-06-04 11:32:18,897 - scraper - INFO - likes: 
2025-06-04 11:32:18,898 - scraper - INFO - ==================================================

2025-06-04 11:32:18,898 - scraper - INFO - Adding delay of 4.91 seconds
2025-06-04 11:32:21,512 - scraper - INFO - Closing Playwright browser and context...
2025-06-04 11:32:21,682 - scraper - WARNING - Failed to close context: Target page, context or browser has been closed
2025-06-04 11:33:54,606 - database - INFO - Successfully connected to MongoDB
2025-06-04 11:33:54,606 - scraper - INFO - Setting up Playwright browser...
2025-06-04 11:33:55,439 - scraper - INFO - Using persistent user data directory: C:\Users\hp\Desktop\OSINT\TiktokScrap\TiktokSearchScrap1\playwright_user_data
2025-06-04 11:33:55,440 - tiktok_captcha_solver.launcher - WARNING - Selenium, playwright, and undetected chromedriver are no longer recommended for scraping. A better option is to use nodriver. To use nodriver, use the command 'make_nodriver_solver()' instead. To disable this warning, set the kwarg no_warn=True.
2025-06-04 11:33:58,731 - scraper - INFO - Playwright browser context with captcha solver initialized.
2025-06-04 11:33:58,929 - scraper - INFO - Set viewport size to 1280x720
2025-06-04 11:33:58,937 - __main__ - INFO - Processing keyword: fano
2025-06-04 11:33:58,938 - scraper - INFO - Searching TikTok for: fano
2025-06-04 11:34:25,253 - scraper - INFO - Navigated to search URL: https://www.tiktok.com/search?q=fano
2025-06-04 11:34:31,773 - scraper - INFO - Search results loaded successfully
2025-06-04 11:34:31,778 - scraper - INFO - Scraping search results and comments...
2025-06-04 11:34:31,881 - scraper - INFO - Found 12 video cards on the first page of search results.
2025-06-04 11:34:32,114 - scraper - INFO - Extracted initial data for card 0: https://www.tiktok.com/@gionmedia21/video/7511743224537550102
2025-06-04 11:34:32,117 - scraper - INFO - Adding delay of 4.68 seconds
2025-06-04 11:34:36,880 - scraper - INFO - Extracted initial data for card 1: https://www.tiktok.com/@zedingil12/video/7423822305593199878
2025-06-04 11:34:36,881 - scraper - INFO - Adding delay of 4.91 seconds
2025-06-04 11:34:41,894 - scraper - INFO - Extracted initial data for card 2: https://www.tiktok.com/@gionmedia21/video/7511488126745939222
2025-06-04 11:34:41,895 - scraper - INFO - Adding delay of 3.29 seconds
2025-06-04 11:34:45,257 - scraper - INFO - Extracted initial data for card 3: https://www.tiktok.com/@asaregnawfano19/video/7446127378511760645
2025-06-04 11:34:45,257 - scraper - INFO - Adding delay of 2.15 seconds
2025-06-04 11:34:47,477 - scraper - INFO - Extracted initial data for card 4: https://www.tiktok.com/@isayas_family/video/7497254862095289623
2025-06-04 11:34:47,477 - scraper - INFO - Adding delay of 2.85 seconds
2025-06-04 11:34:50,408 - scraper - INFO - Extracted initial data for card 5: https://www.tiktok.com/@user8858220382768/video/7486727769854872838
2025-06-04 11:34:50,408 - scraper - INFO - Adding delay of 2.59 seconds
2025-06-04 11:34:53,074 - scraper - INFO - Extracted initial data for card 6: https://www.tiktok.com/@yalew_adugna/video/7503195298039221510
2025-06-04 11:34:53,074 - scraper - INFO - Adding delay of 3.10 seconds
2025-06-04 11:34:56,251 - scraper - INFO - Extracted initial data for card 7: https://www.tiktok.com/@fikrumulye/video/7439622035233328439
2025-06-04 11:34:56,253 - scraper - INFO - Adding delay of 2.67 seconds
2025-06-04 11:34:59,011 - scraper - INFO - Extracted initial data for card 8: https://www.tiktok.com/@yalew_adugna/video/7511935936830246149
2025-06-04 11:34:59,012 - scraper - INFO - Adding delay of 2.13 seconds
2025-06-04 11:35:01,213 - scraper - INFO - Extracted initial data for card 9: https://www.tiktok.com/@mariyam21rm/video/7489703255665069330
2025-06-04 11:35:01,222 - scraper - INFO - Adding delay of 2.54 seconds
2025-06-04 11:35:03,835 - scraper - INFO - Extracted initial data for card 10: https://www.tiktok.com/@fanopost/video/7449008052273138949
2025-06-04 11:35:03,835 - scraper - INFO - Adding delay of 3.20 seconds
2025-06-04 11:35:07,134 - scraper - INFO - Extracted initial data for card 11: https://www.tiktok.com/@abastal/video/7342402389086883078
2025-06-04 11:35:07,135 - scraper - INFO - Processing video 1/12: https://www.tiktok.com/@gionmedia21/video/7511743224537550102
2025-06-04 11:35:07,135 - scraper - INFO - Adding delay of 2.31 seconds
2025-06-04 11:35:49,818 - scraper - INFO - No popup/captcha detected
2025-06-04 11:35:49,952 - scraper - INFO - Attempting to scrape up to 50 comments...
2025-06-04 11:40:56,558 - scraper - INFO - Closing Playwright browser and context...
2025-06-04 11:41:01,975 - asyncio - ERROR - Task was destroyed but it is pending!
task: <Task pending name='Task-632' coro=<Page.close() running at C:\Users\hp\Desktop\OSINT\TiktokScrap\TiktokSearchScrap1\venv\Lib\site-packages\playwright\_impl\_page.py:725> cb=[SyncBase._sync.<locals>.<lambda>() at C:\Users\hp\Desktop\OSINT\TiktokScrap\TiktokSearchScrap1\venv\Lib\site-packages\playwright\_impl\_sync_base.py:109]>
2025-06-04 11:41:01,977 - asyncio - ERROR - Task was destroyed but it is pending!
task: <Task pending name='Task-631' coro=<Page.wait_for_timeout() done, defined at C:\Users\hp\Desktop\OSINT\TiktokScrap\TiktokSearchScrap1\venv\Lib\site-packages\playwright\_impl\_page.py:998> wait_for=<Future pending cb=[Task.task_wakeup()]> cb=[SyncBase._sync.<locals>.<lambda>() at C:\Users\hp\Desktop\OSINT\TiktokScrap\TiktokSearchScrap1\venv\Lib\site-packages\playwright\_impl\_sync_base.py:109, ProtocolCallback.__init__.<locals>.cb() at C:\Users\hp\Desktop\OSINT\TiktokScrap\TiktokSearchScrap1\venv\Lib\site-packages\playwright\_impl\_connection.py:191]>
2025-06-04 11:41:25,791 - database - INFO - Successfully connected to MongoDB
2025-06-04 11:41:25,791 - scraper - INFO - Setting up Playwright browser...
2025-06-04 11:41:26,933 - scraper - INFO - Using persistent user data directory: C:\Users\hp\Desktop\OSINT\TiktokScrap\TiktokSearchScrap1\playwright_user_data
2025-06-04 11:41:26,933 - tiktok_captcha_solver.launcher - WARNING - Selenium, playwright, and undetected chromedriver are no longer recommended for scraping. A better option is to use nodriver. To use nodriver, use the command 'make_nodriver_solver()' instead. To disable this warning, set the kwarg no_warn=True.
2025-06-04 11:41:30,961 - scraper - INFO - Playwright browser context with captcha solver initialized.
2025-06-04 11:41:31,232 - scraper - INFO - Set viewport size to 1280x720
2025-06-04 11:41:31,253 - __main__ - INFO - Processing keyword: fano
2025-06-04 11:41:31,268 - scraper - INFO - Searching TikTok for: fano
2025-06-04 11:41:37,247 - scraper - INFO - Navigated to search URL: https://www.tiktok.com/search?q=fano
2025-06-04 11:41:43,783 - scraper - INFO - Search results loaded successfully
2025-06-04 11:41:43,783 - scraper - INFO - Scraping search results and comments...
2025-06-04 11:41:45,323 - scraper - INFO - Found 12 video cards on the first page of search results.
2025-06-04 11:41:45,528 - scraper - INFO - Extracted initial data for card 0: https://www.tiktok.com/@zedingil12/video/7423822305593199878
2025-06-04 11:41:45,529 - scraper - INFO - Adding delay of 4.34 seconds
2025-06-04 11:41:50,149 - scraper - INFO - Extracted initial data for card 1: https://www.tiktok.com/@gionmedia21/video/7511743224537550102
2025-06-04 11:41:50,151 - scraper - INFO - Adding delay of 2.50 seconds
2025-06-04 11:41:52,839 - scraper - INFO - Extracted initial data for card 2: https://www.tiktok.com/@gionmedia21/video/7511488126745939222
2025-06-04 11:41:52,840 - scraper - INFO - Adding delay of 4.09 seconds
2025-06-04 11:41:57,138 - scraper - INFO - Extracted initial data for card 3: https://www.tiktok.com/@asaregnawfano19/video/7446127378511760645
2025-06-04 11:41:57,139 - scraper - INFO - Adding delay of 2.77 seconds
2025-06-04 11:42:00,117 - scraper - INFO - Extracted initial data for card 4: https://www.tiktok.com/@user8858220382768/video/7486727769854872838
2025-06-04 11:42:00,118 - scraper - INFO - Adding delay of 3.56 seconds
2025-06-04 11:42:04,215 - scraper - INFO - Extracted initial data for card 5: https://www.tiktok.com/@yalew_adugna/video/7503195298039221510
2025-06-04 11:42:04,387 - scraper - INFO - Adding delay of 4.72 seconds
2025-06-04 11:42:09,304 - scraper - INFO - Extracted initial data for card 6: https://www.tiktok.com/@isayas_family/video/7497254862095289623
2025-06-04 11:42:09,308 - scraper - INFO - Adding delay of 3.64 seconds
2025-06-04 11:42:13,084 - scraper - INFO - Extracted initial data for card 7: https://www.tiktok.com/@fikrumulye/video/7439622035233328439
2025-06-04 11:42:13,086 - scraper - INFO - Adding delay of 4.82 seconds
2025-06-04 11:42:18,042 - scraper - INFO - Extracted initial data for card 8: https://www.tiktok.com/@mariyam21rm/video/7489703255665069330
2025-06-04 11:42:18,043 - scraper - INFO - Adding delay of 3.40 seconds
2025-06-04 11:42:21,624 - scraper - INFO - Extracted initial data for card 9: https://www.tiktok.com/@abastal/video/7342402389086883078
2025-06-04 11:42:21,625 - scraper - INFO - Adding delay of 3.74 seconds
2025-06-04 11:42:25,511 - scraper - INFO - Extracted initial data for card 10: https://www.tiktok.com/@yalew_adugna/video/7511935936830246149
2025-06-04 11:42:25,512 - scraper - INFO - Adding delay of 4.21 seconds
2025-06-04 11:42:29,926 - scraper - INFO - Extracted initial data for card 11: https://www.tiktok.com/@fanopost/video/7449008052273138949
2025-06-04 11:42:29,933 - scraper - INFO - Processing video 1/12: https://www.tiktok.com/@zedingil12/video/7423822305593199878
2025-06-04 11:42:29,934 - scraper - INFO - Adding delay of 4.62 seconds
2025-06-04 11:43:21,613 - scraper - INFO - No popup/captcha detected
2025-06-04 11:43:21,787 - scraper - INFO - Attempting to scrape up to 50 comments...
2025-06-04 11:44:03,413 - scraper - INFO - 
==================================================
2025-06-04 11:44:03,413 - scraper - INFO - DEBUG: Comment 1
2025-06-04 11:44:03,413 - scraper - INFO - ==================================================
2025-06-04 11:44:03,415 - scraper - INFO - username: kidus
2025-06-04 11:44:03,428 - scraper - INFO - date: 
2025-06-04 11:44:03,428 - scraper - INFO - likes: 
2025-06-04 11:44:03,428 - scraper - INFO - ==================================================

2025-06-04 11:44:03,430 - scraper - INFO - Adding delay of 4.69 seconds
2025-06-04 11:44:09,163 - scraper - INFO - 
==================================================
2025-06-04 11:44:09,164 - scraper - INFO - DEBUG: Comment 2
2025-06-04 11:44:09,165 - scraper - INFO - ==================================================
2025-06-04 11:44:09,166 - scraper - INFO - username: user77518143304807
2025-06-04 11:44:09,177 - scraper - INFO - date: 
2025-06-04 11:44:09,178 - scraper - INFO - likes: 
2025-06-04 11:44:09,179 - scraper - INFO - ==================================================

2025-06-04 11:44:09,179 - scraper - INFO - Adding delay of 3.32 seconds
2025-06-04 11:44:13,635 - scraper - INFO - 
==================================================
2025-06-04 11:44:13,635 - scraper - INFO - DEBUG: Comment 3
2025-06-04 11:44:13,637 - scraper - INFO - ==================================================
2025-06-04 11:44:13,675 - scraper - INFO - date: 
2025-06-04 11:44:13,677 - scraper - INFO - likes: 
2025-06-04 11:44:13,678 - scraper - INFO - ==================================================

2025-06-04 11:44:13,679 - scraper - INFO - Adding delay of 3.84 seconds
2025-06-04 11:44:18,973 - scraper - INFO - 
==================================================
2025-06-04 11:44:18,973 - scraper - INFO - DEBUG: Comment 4
2025-06-04 11:44:18,974 - scraper - INFO - ==================================================
2025-06-04 11:44:18,974 - scraper - INFO - username: yoni
2025-06-04 11:44:18,981 - scraper - INFO - date: 
2025-06-04 11:44:18,982 - scraper - INFO - likes: 
2025-06-04 11:44:18,982 - scraper - INFO - ==================================================

2025-06-04 11:44:18,982 - scraper - INFO - Adding delay of 3.39 seconds
2025-06-04 11:44:24,031 - scraper - INFO - 
==================================================
2025-06-04 11:44:24,032 - scraper - INFO - DEBUG: Comment 5
2025-06-04 11:44:24,032 - scraper - INFO - ==================================================
2025-06-04 11:44:24,032 - scraper - INFO - username: solotov6
2025-06-04 11:44:24,038 - scraper - INFO - date: 
2025-06-04 11:44:24,039 - scraper - INFO - likes: 
2025-06-04 11:44:24,039 - scraper - INFO - ==================================================

2025-06-04 11:44:24,040 - scraper - INFO - Adding delay of 3.78 seconds
2025-06-04 11:44:28,965 - scraper - INFO - 
==================================================
2025-06-04 11:44:28,968 - scraper - INFO - DEBUG: Comment 6
2025-06-04 11:44:28,968 - scraper - INFO - ==================================================
2025-06-04 11:44:29,040 - scraper - INFO - date: 
2025-06-04 11:44:29,042 - scraper - INFO - likes: 
2025-06-04 11:44:29,044 - scraper - INFO - ==================================================

2025-06-04 11:44:29,045 - scraper - INFO - Adding delay of 2.55 seconds
2025-06-04 11:44:32,720 - scraper - INFO - 
==================================================
2025-06-04 11:44:32,721 - scraper - INFO - DEBUG: Comment 7
2025-06-04 11:44:32,721 - scraper - INFO - ==================================================
2025-06-04 11:44:32,731 - scraper - INFO - date: 
2025-06-04 11:44:32,732 - scraper - INFO - likes: 
2025-06-04 11:44:32,732 - scraper - INFO - ==================================================

2025-06-04 11:44:32,733 - scraper - INFO - Adding delay of 3.31 seconds
2025-06-04 11:44:36,960 - scraper - INFO - 
==================================================
2025-06-04 11:44:36,960 - scraper - INFO - DEBUG: Comment 8
2025-06-04 11:44:36,960 - scraper - INFO - ==================================================
2025-06-04 11:44:36,961 - scraper - INFO - username: Yohannes Asmamaw
2025-06-04 11:44:36,967 - scraper - INFO - date: 
2025-06-04 11:44:36,967 - scraper - INFO - likes: 
2025-06-04 11:44:36,968 - scraper - INFO - ==================================================

2025-06-04 11:44:36,968 - scraper - INFO - Adding delay of 4.34 seconds
2025-06-04 11:44:42,573 - scraper - INFO - 
==================================================
2025-06-04 11:44:42,576 - scraper - INFO - DEBUG: Comment 9
2025-06-04 11:44:42,576 - scraper - INFO - ==================================================
2025-06-04 11:44:42,577 - scraper - INFO - username: Rahel Tsegayd
2025-06-04 11:44:42,630 - scraper - INFO - date: 
2025-06-04 11:44:42,635 - scraper - INFO - likes: 
2025-06-04 11:44:42,636 - scraper - INFO - ==================================================

2025-06-04 11:44:42,637 - scraper - INFO - Adding delay of 2.89 seconds
2025-06-04 11:44:47,168 - scraper - INFO - 
==================================================
2025-06-04 11:44:47,169 - scraper - INFO - DEBUG: Comment 10
2025-06-04 11:44:47,170 - scraper - INFO - ==================================================
2025-06-04 11:44:47,170 - scraper - INFO - username: Mercy
2025-06-04 11:44:47,177 - scraper - INFO - date: 
2025-06-04 11:44:47,177 - scraper - INFO - likes: 
2025-06-04 11:44:47,177 - scraper - INFO - ==================================================

2025-06-04 11:44:47,177 - scraper - INFO - Adding delay of 4.08 seconds
2025-06-04 11:44:52,678 - scraper - INFO - 
==================================================
2025-06-04 11:44:52,678 - scraper - INFO - DEBUG: Comment 11
2025-06-04 11:44:52,679 - scraper - INFO - ==================================================
2025-06-04 11:44:52,692 - scraper - INFO - date: 
2025-06-04 11:44:52,693 - scraper - INFO - likes: 
2025-06-04 11:44:52,693 - scraper - INFO - ==================================================

2025-06-04 11:44:52,694 - scraper - INFO - Adding delay of 3.21 seconds
2025-06-04 11:44:57,005 - scraper - INFO - 
==================================================
2025-06-04 11:44:57,005 - scraper - INFO - DEBUG: Comment 12
2025-06-04 11:44:57,007 - scraper - INFO - ==================================================
2025-06-04 11:44:57,007 - scraper - INFO - username: aesnekech
2025-06-04 11:44:57,027 - scraper - INFO - date: 
2025-06-04 11:44:57,027 - scraper - INFO - likes: 
2025-06-04 11:44:57,027 - scraper - INFO - ==================================================

2025-06-04 11:44:57,028 - scraper - INFO - Adding delay of 2.62 seconds
2025-06-04 11:45:00,733 - scraper - INFO - 
==================================================
2025-06-04 11:45:00,733 - scraper - INFO - DEBUG: Comment 13
2025-06-04 11:45:00,734 - scraper - INFO - ==================================================
2025-06-04 11:45:00,751 - scraper - INFO - date: 
2025-06-04 11:45:00,751 - scraper - INFO - likes: 
2025-06-04 11:45:00,752 - scraper - INFO - ==================================================

2025-06-04 11:45:00,753 - scraper - INFO - Adding delay of 2.59 seconds
2025-06-04 11:45:04,714 - scraper - INFO - 
==================================================
2025-06-04 11:45:04,715 - scraper - INFO - DEBUG: Comment 14
2025-06-04 11:45:04,715 - scraper - INFO - ==================================================
2025-06-04 11:45:04,715 - scraper - INFO - username: Balegew Birre
2025-06-04 11:45:04,718 - scraper - INFO - date: 
2025-06-04 11:45:04,718 - scraper - INFO - likes: 
2025-06-04 11:45:04,724 - scraper - INFO - ==================================================

2025-06-04 11:45:04,724 - scraper - INFO - Adding delay of 4.54 seconds
2025-06-04 11:45:10,803 - scraper - INFO - 
==================================================
2025-06-04 11:45:10,803 - scraper - INFO - DEBUG: Comment 15
2025-06-04 11:45:10,806 - scraper - INFO - ==================================================
2025-06-04 11:45:10,985 - scraper - INFO - date: 
2025-06-04 11:45:10,996 - scraper - INFO - likes: 
2025-06-04 11:45:11,035 - scraper - INFO - ==================================================

2025-06-04 11:45:11,038 - scraper - INFO - Adding delay of 4.00 seconds
2025-06-04 11:45:16,244 - scraper - INFO - 
==================================================
2025-06-04 11:45:16,244 - scraper - INFO - DEBUG: Comment 16
2025-06-04 11:45:16,244 - scraper - INFO - ==================================================
2025-06-04 11:45:16,247 - scraper - INFO - username: user7579474426537
2025-06-04 11:45:16,251 - scraper - INFO - date: 
2025-06-04 11:45:16,251 - scraper - INFO - likes: 
2025-06-04 11:45:16,251 - scraper - INFO - ==================================================

2025-06-04 11:45:16,251 - scraper - INFO - Adding delay of 4.31 seconds
2025-06-04 11:45:21,571 - scraper - INFO - Closing Playwright browser and context...
2025-06-04 11:45:24,044 - asyncio - ERROR - Task was destroyed but it is pending!
task: <Task pending name='Task-1251' coro=<Page.close() running at C:\Users\hp\Desktop\OSINT\TiktokScrap\TiktokSearchScrap1\venv\Lib\site-packages\playwright\_impl\_page.py:725> cb=[SyncBase._sync.<locals>.<lambda>() at C:\Users\hp\Desktop\OSINT\TiktokScrap\TiktokSearchScrap1\venv\Lib\site-packages\playwright\_impl\_sync_base.py:109]>
2025-06-04 11:45:24,046 - asyncio - ERROR - Task exception was never retrieved
future: <Task finished name='Task-1250' coro=<ElementHandle.query_selector() done, defined at C:\Users\hp\Desktop\OSINT\TiktokScrap\TiktokSearchScrap1\venv\Lib\site-packages\playwright\_impl\_element_handle.py:320> exception=KeyboardInterrupt()>
Traceback (most recent call last):
  File "C:\Users\hp\Desktop\OSINT\TiktokScrap\TiktokSearchScrap1\main.py", line 63, in main
    scraper.scroll_and_scrape(
  File "C:\Users\hp\Desktop\OSINT\TiktokScrap\TiktokSearchScrap1\scraper.py", line 236, in scroll_and_scrape
    comments = self.scrape_comments_from_page(max_comments_per_video)
               ^^^^^^^^^^^^^^^^^^^^^^^^^^^^^^^^^^^^^^^^^^^^^^^^^^^^^^
  File "C:\Users\hp\Desktop\OSINT\TiktokScrap\TiktokSearchScrap1\scraper.py", line 470, in scrape_comments_from_page
    likes_elem = comment_elem.query_selector(selector)
                 ^^^^^^^^^^^^^^^^^^^^^^^^^^^^^^^^^^^^^
  File "C:\Users\hp\Desktop\OSINT\TiktokScrap\TiktokSearchScrap1\venv\Lib\site-packages\playwright\sync_api\_generated.py", line 2749, in query_selector
    self._sync(self._impl_obj.query_selector(selector=selector))
  File "C:\Users\hp\Desktop\OSINT\TiktokScrap\TiktokSearchScrap1\venv\Lib\site-packages\playwright\_impl\_sync_base.py", line 111, in _sync
    self._dispatcher_fiber.switch()
  File "C:\Users\hp\Desktop\OSINT\TiktokScrap\TiktokSearchScrap1\venv\Lib\site-packages\playwright\sync_api\_context_manager.py", line 57, in greenlet_main
    self._loop.run_until_complete(self._connection.run_as_sync())
  File "C:\Program Files\WindowsApps\PythonSoftwareFoundation.Python.3.11_3.11.2544.0_x64__qbz5n2kfra8p0\Lib\asyncio\base_events.py", line 641, in run_until_complete
    self.run_forever()
  File "C:\Program Files\WindowsApps\PythonSoftwareFoundation.Python.3.11_3.11.2544.0_x64__qbz5n2kfra8p0\Lib\asyncio\windows_events.py", line 321, in run_forever
    super().run_forever()
  File "C:\Program Files\WindowsApps\PythonSoftwareFoundation.Python.3.11_3.11.2544.0_x64__qbz5n2kfra8p0\Lib\asyncio\base_events.py", line 608, in run_forever
    self._run_once()
  File "C:\Program Files\WindowsApps\PythonSoftwareFoundation.Python.3.11_3.11.2544.0_x64__qbz5n2kfra8p0\Lib\asyncio\base_events.py", line 1936, in _run_once
    handle._run()
  File "C:\Program Files\WindowsApps\PythonSoftwareFoundation.Python.3.11_3.11.2544.0_x64__qbz5n2kfra8p0\Lib\asyncio\events.py", line 84, in _run
    self._context.run(self._callback, *self._args)
  File "C:\Users\hp\Desktop\OSINT\TiktokScrap\TiktokSearchScrap1\venv\Lib\site-packages\playwright\_impl\_element_handle.py", line 322, in query_selector
    await self._channel.send("querySelector", dict(selector=selector))
  File "C:\Users\hp\Desktop\OSINT\TiktokScrap\TiktokSearchScrap1\venv\Lib\site-packages\playwright\_impl\_connection.py", line 59, in send
    return await self._connection.wrap_api_call(
           ^^^^^^^^^^^^^^^^^^^^^^^^^^^^^^^^^^^^^
  File "C:\Users\hp\Desktop\OSINT\TiktokScrap\TiktokSearchScrap1\venv\Lib\site-packages\playwright\_impl\_connection.py", line 506, in wrap_api_call
    st: List[inspect.FrameInfo] = getattr(task, "__pw_stack__", inspect.stack())
                                                                ^^^^^^^^^^^^^^^
  File "C:\Program Files\WindowsApps\PythonSoftwareFoundation.Python.3.11_3.11.2544.0_x64__qbz5n2kfra8p0\Lib\inspect.py", line 1751, in stack
    return getouterframes(sys._getframe(1), context)
           ^^^^^^^^^^^^^^^^^^^^^^^^^^^^^^^^^^^^^^^^^
  File "C:\Program Files\WindowsApps\PythonSoftwareFoundation.Python.3.11_3.11.2544.0_x64__qbz5n2kfra8p0\Lib\inspect.py", line 1726, in getouterframes
    traceback_info = getframeinfo(frame, context)
                     ^^^^^^^^^^^^^^^^^^^^^^^^^^^^
  File "C:\Program Files\WindowsApps\PythonSoftwareFoundation.Python.3.11_3.11.2544.0_x64__qbz5n2kfra8p0\Lib\inspect.py", line 1688, in getframeinfo
    lines, lnum = findsource(frame)
                  ^^^^^^^^^^^^^^^^^
  File "C:\Program Files\WindowsApps\PythonSoftwareFoundation.Python.3.11_3.11.2544.0_x64__qbz5n2kfra8p0\Lib\inspect.py", line 1062, in findsource
    linecache.checkcache(file)
  File "C:\Program Files\WindowsApps\PythonSoftwareFoundation.Python.3.11_3.11.2544.0_x64__qbz5n2kfra8p0\Lib\linecache.py", line 72, in checkcache
    stat = os.stat(fullname)
           ^^^^^^^^^^^^^^^^^
KeyboardInterrupt
2025-06-04 11:48:59,473 - database - INFO - Successfully connected to MongoDB
2025-06-04 11:48:59,473 - scraper - INFO - Setting up Playwright browser...
2025-06-04 11:49:00,623 - scraper - INFO - Using persistent user data directory: C:\Users\hp\Desktop\OSINT\TiktokScrap\TiktokSearchScrap1\playwright_user_data
2025-06-04 11:49:00,623 - tiktok_captcha_solver.launcher - WARNING - Selenium, playwright, and undetected chromedriver are no longer recommended for scraping. A better option is to use nodriver. To use nodriver, use the command 'make_nodriver_solver()' instead. To disable this warning, set the kwarg no_warn=True.
2025-06-04 11:49:04,185 - scraper - INFO - Playwright browser context with captcha solver initialized.
2025-06-04 11:49:04,406 - scraper - INFO - Set viewport size to 1280x720
2025-06-04 11:49:04,408 - __main__ - INFO - Processing keyword: fano
2025-06-04 11:49:04,410 - scraper - INFO - Searching TikTok for: fano
2025-06-04 11:49:09,453 - scraper - INFO - Navigated to search URL: https://www.tiktok.com/search?q=fano
2025-06-04 11:49:14,962 - scraper - INFO - Search results loaded successfully
2025-06-04 11:49:14,962 - scraper - INFO - Scraping search results and comments...
2025-06-04 11:49:15,323 - scraper - INFO - Found 12 video cards on the first page of search results.
2025-06-04 11:49:15,430 - scraper - INFO - Extracted initial data for card 0: https://www.tiktok.com/@zedingil12/video/7423822305593199878
2025-06-04 11:49:15,430 - scraper - INFO - Adding delay of 4.27 seconds
2025-06-04 11:49:19,825 - scraper - INFO - Extracted initial data for card 1: https://www.tiktok.com/@gionmedia21/video/7511743224537550102
2025-06-04 11:49:19,825 - scraper - INFO - Adding delay of 2.69 seconds
2025-06-04 11:49:22,645 - scraper - INFO - Extracted initial data for card 2: https://www.tiktok.com/@gionmedia21/video/7511488126745939222
2025-06-04 11:49:22,647 - scraper - INFO - Adding delay of 4.49 seconds
2025-06-04 11:49:27,362 - scraper - INFO - Extracted initial data for card 3: https://www.tiktok.com/@user8858220382768/video/7486727769854872838
2025-06-04 11:49:27,362 - scraper - INFO - Adding delay of 3.31 seconds
2025-06-04 11:49:30,935 - scraper - INFO - Extracted initial data for card 4: https://www.tiktok.com/@yalew_adugna/video/7503195298039221510
2025-06-04 11:49:30,938 - scraper - INFO - Adding delay of 3.35 seconds
2025-06-04 11:49:34,548 - scraper - INFO - Extracted initial data for card 5: https://www.tiktok.com/@asaregnawfano19/video/7446127378511760645
2025-06-04 11:49:34,549 - scraper - INFO - Adding delay of 4.28 seconds
2025-06-04 11:49:39,167 - scraper - INFO - Extracted initial data for card 6: https://www.tiktok.com/@mariyam21rm/video/7489703255665069330
2025-06-04 11:49:39,169 - scraper - INFO - Adding delay of 3.23 seconds
2025-06-04 11:49:42,664 - scraper - INFO - Extracted initial data for card 7: https://www.tiktok.com/@yalew_adugna/video/7511935936830246149
2025-06-04 11:49:42,664 - scraper - INFO - Adding delay of 4.45 seconds
2025-06-04 11:49:47,285 - scraper - INFO - Extracted initial data for card 8: https://www.tiktok.com/@abastal/video/7342402389086883078
2025-06-04 11:49:47,286 - scraper - INFO - Adding delay of 3.14 seconds
2025-06-04 11:49:50,563 - scraper - INFO - Extracted initial data for card 9: https://www.tiktok.com/@isayas_family/video/7497254862095289623
2025-06-04 11:49:50,564 - scraper - INFO - Adding delay of 2.12 seconds
2025-06-04 11:49:52,859 - scraper - INFO - Extracted initial data for card 10: https://www.tiktok.com/@gionmedia21/video/7510204204267457814
2025-06-04 11:49:52,860 - scraper - INFO - Adding delay of 2.01 seconds
2025-06-04 11:49:55,036 - scraper - INFO - Extracted initial data for card 11: https://www.tiktok.com/@ethio.right1/video/7511726314647227653
2025-06-04 11:49:55,036 - scraper - INFO - Processing video 1/12: https://www.tiktok.com/@zedingil12/video/7423822305593199878
2025-06-04 11:49:55,036 - scraper - INFO - Adding delay of 3.47 seconds
2025-06-04 11:50:40,562 - scraper - INFO - No popup/captcha detected
2025-06-04 11:50:40,731 - scraper - INFO - Attempting to scrape up to 50 comments...
2025-06-04 11:51:22,694 - scraper - INFO - 
==================================================
2025-06-04 11:51:22,695 - scraper - INFO - DEBUG: Comment 1
2025-06-04 11:51:22,695 - scraper - INFO - ==================================================
2025-06-04 11:51:22,696 - scraper - INFO - username: kidus
2025-06-04 11:51:22,713 - scraper - INFO - date: 
2025-06-04 11:51:22,714 - scraper - INFO - likes: 16
2025-06-04 11:51:22,714 - scraper - INFO - ==================================================

2025-06-04 11:51:22,717 - scraper - INFO - Adding delay of 3.22 seconds
2025-06-04 11:51:26,688 - scraper - INFO - 
==================================================
2025-06-04 11:51:26,688 - scraper - INFO - DEBUG: Comment 2
2025-06-04 11:51:26,688 - scraper - INFO - ==================================================
2025-06-04 11:51:26,688 - scraper - INFO - username: yoni
2025-06-04 11:51:26,705 - scraper - INFO - date: 
2025-06-04 11:51:26,705 - scraper - INFO - likes: 3
2025-06-04 11:51:26,705 - scraper - INFO - ==================================================

2025-06-04 11:51:26,705 - scraper - INFO - Adding delay of 3.06 seconds
2025-06-04 11:51:29,965 - scraper - INFO - 
==================================================
2025-06-04 11:51:29,967 - scraper - INFO - DEBUG: Comment 3
2025-06-04 11:51:29,967 - scraper - INFO - ==================================================
2025-06-04 11:51:29,980 - scraper - INFO - date: 20h ago
2025-06-04 11:51:29,980 - scraper - INFO - likes: 0
2025-06-04 11:51:29,980 - scraper - INFO - ==================================================

2025-06-04 11:51:29,981 - scraper - INFO - Adding delay of 4.40 seconds
2025-06-04 11:51:35,159 - scraper - INFO - 
==================================================
2025-06-04 11:51:35,160 - scraper - INFO - DEBUG: Comment 4
2025-06-04 11:51:35,161 - scraper - INFO - ==================================================
2025-06-04 11:51:35,161 - scraper - INFO - username: user77518143304807
2025-06-04 11:51:35,167 - scraper - INFO - date: 
2025-06-04 11:51:35,168 - scraper - INFO - likes: 3
2025-06-04 11:51:35,168 - scraper - INFO - ==================================================

2025-06-04 11:51:35,169 - scraper - INFO - Adding delay of 4.52 seconds
2025-06-04 11:51:40,862 - scraper - INFO - 
==================================================
2025-06-04 11:51:40,863 - scraper - INFO - DEBUG: Comment 5
2025-06-04 11:51:40,864 - scraper - INFO - ==================================================
2025-06-04 11:51:40,864 - scraper - INFO - username: solotov6
2025-06-04 11:51:40,871 - scraper - INFO - date: 
2025-06-04 11:51:40,871 - scraper - INFO - likes: 6
2025-06-04 11:51:40,883 - scraper - INFO - ==================================================

2025-06-04 11:51:40,898 - scraper - INFO - Adding delay of 2.16 seconds
2025-06-04 11:51:44,751 - scraper - INFO - 
==================================================
2025-06-04 11:51:44,751 - scraper - INFO - DEBUG: Comment 6
2025-06-04 11:51:44,752 - scraper - INFO - ==================================================
2025-06-04 11:51:44,767 - scraper - INFO - date: 
2025-06-04 11:51:44,768 - scraper - INFO - likes: 29
2025-06-04 11:51:44,768 - scraper - INFO - ==================================================

2025-06-04 11:51:44,768 - scraper - INFO - Adding delay of 4.75 seconds
2025-06-04 11:51:50,558 - scraper - INFO - 
==================================================
2025-06-04 11:51:50,561 - scraper - INFO - DEBUG: Comment 7
2025-06-04 11:51:50,561 - scraper - INFO - ==================================================
2025-06-04 11:51:50,564 - scraper - INFO - date: 
2025-06-04 11:51:50,564 - scraper - INFO - likes: 0
2025-06-04 11:51:50,564 - scraper - INFO - ==================================================

2025-06-04 11:51:50,580 - scraper - INFO - Adding delay of 3.06 seconds
2025-06-04 11:51:54,439 - scraper - INFO - 
==================================================
2025-06-04 11:51:54,439 - scraper - INFO - DEBUG: Comment 8
2025-06-04 11:51:54,440 - scraper - INFO - ==================================================
2025-06-04 11:51:54,441 - scraper - INFO - username: Yohannes Asmamaw
2025-06-04 11:51:54,446 - scraper - INFO - date: 
2025-06-04 11:51:54,447 - scraper - INFO - likes: 5
2025-06-04 11:51:54,447 - scraper - INFO - ==================================================

2025-06-04 11:51:54,449 - scraper - INFO - Adding delay of 3.00 seconds
2025-06-04 11:51:58,108 - scraper - INFO - 
==================================================
2025-06-04 11:51:58,109 - scraper - INFO - DEBUG: Comment 9
2025-06-04 11:51:58,109 - scraper - INFO - ==================================================
2025-06-04 11:51:58,119 - scraper - INFO - date: 
2025-06-04 11:51:58,122 - scraper - INFO - likes: 0
2025-06-04 11:51:58,122 - scraper - INFO - ==================================================

2025-06-04 11:51:58,122 - scraper - INFO - Adding delay of 4.60 seconds
2025-06-04 11:52:03,775 - scraper - INFO - 
==================================================
2025-06-04 11:52:03,775 - scraper - INFO - DEBUG: Comment 10
2025-06-04 11:52:03,778 - scraper - INFO - ==================================================
2025-06-04 11:52:03,778 - scraper - INFO - username: Mercy
2025-06-04 11:52:03,784 - scraper - INFO - date: 
2025-06-04 11:52:03,785 - scraper - INFO - likes: 1
2025-06-04 11:52:03,785 - scraper - INFO - ==================================================

2025-06-04 11:52:03,785 - scraper - INFO - Adding delay of 3.53 seconds
2025-06-04 11:52:07,941 - scraper - INFO - 
==================================================
2025-06-04 11:52:07,941 - scraper - INFO - DEBUG: Comment 11
2025-06-04 11:52:07,941 - scraper - INFO - ==================================================
2025-06-04 11:52:07,955 - scraper - INFO - date: 
2025-06-04 11:52:07,955 - scraper - INFO - likes: 1
2025-06-04 11:52:07,955 - scraper - INFO - ==================================================

2025-06-04 11:52:07,955 - scraper - INFO - Adding delay of 2.82 seconds
2025-06-04 11:52:11,423 - scraper - INFO - 
==================================================
2025-06-04 11:52:11,424 - scraper - INFO - DEBUG: Comment 12
2025-06-04 11:52:11,424 - scraper - INFO - ==================================================
2025-06-04 11:52:11,424 - scraper - INFO - username: aesnekech
2025-06-04 11:52:11,431 - scraper - INFO - date: 
2025-06-04 11:52:11,431 - scraper - INFO - likes: 4
2025-06-04 11:52:11,432 - scraper - INFO - ==================================================

2025-06-04 11:52:11,432 - scraper - INFO - Adding delay of 2.55 seconds
2025-06-04 11:52:14,669 - scraper - INFO - 
==================================================
2025-06-04 11:52:14,669 - scraper - INFO - DEBUG: Comment 13
2025-06-04 11:52:14,669 - scraper - INFO - ==================================================
2025-06-04 11:52:14,684 - scraper - INFO - date: 
2025-06-04 11:52:14,684 - scraper - INFO - likes: 6
2025-06-04 11:52:14,684 - scraper - INFO - ==================================================

2025-06-04 11:52:14,684 - scraper - INFO - Adding delay of 4.84 seconds
2025-06-04 11:52:20,153 - scraper - INFO - 
==================================================
2025-06-04 11:52:20,153 - scraper - INFO - DEBUG: Comment 14
2025-06-04 11:52:20,153 - scraper - INFO - ==================================================
2025-06-04 11:52:20,153 - scraper - INFO - username: Balegew Birre
2025-06-04 11:52:20,153 - scraper - INFO - date: 
2025-06-04 11:52:20,153 - scraper - INFO - likes: 5
2025-06-04 11:52:20,153 - scraper - INFO - ==================================================

2025-06-04 11:52:20,153 - scraper - INFO - Adding delay of 3.05 seconds
2025-06-04 11:52:23,840 - scraper - INFO - 
==================================================
2025-06-04 11:52:23,856 - scraper - INFO - DEBUG: Comment 15
2025-06-04 11:52:23,856 - scraper - INFO - ==================================================
2025-06-04 11:52:23,856 - scraper - INFO - username: user7579474426537
2025-06-04 11:52:23,856 - scraper - INFO - date: 
2025-06-04 11:52:23,856 - scraper - INFO - likes: 9
2025-06-04 11:52:23,856 - scraper - INFO - ==================================================

2025-06-04 11:52:23,856 - scraper - INFO - Adding delay of 2.50 seconds
2025-06-04 11:52:26,960 - scraper - INFO - 
==================================================
2025-06-04 11:52:26,960 - scraper - INFO - DEBUG: Comment 16
2025-06-04 11:52:26,960 - scraper - INFO - ==================================================
2025-06-04 11:52:26,980 - scraper - INFO - date: 
2025-06-04 11:52:26,980 - scraper - INFO - likes: 5
2025-06-04 11:52:26,980 - scraper - INFO - ==================================================

2025-06-04 11:52:26,980 - scraper - INFO - Adding delay of 2.39 seconds
2025-06-04 11:52:30,062 - scraper - INFO - 
==================================================
2025-06-04 11:52:30,063 - scraper - INFO - DEBUG: Comment 17
2025-06-04 11:52:30,063 - scraper - INFO - ==================================================
2025-06-04 11:52:30,064 - scraper - INFO - username: fiker bubu
2025-06-04 11:52:30,067 - scraper - INFO - date: 
2025-06-04 11:52:30,067 - scraper - INFO - likes: 4
2025-06-04 11:52:30,067 - scraper - INFO - ==================================================

2025-06-04 11:52:30,067 - scraper - INFO - Adding delay of 4.21 seconds
2025-06-04 11:52:34,943 - scraper - INFO - 
==================================================
2025-06-04 11:52:34,944 - scraper - INFO - DEBUG: Comment 18
2025-06-04 11:52:34,944 - scraper - INFO - ==================================================
2025-06-04 11:52:34,945 - scraper - INFO - username: tedy gonderew
2025-06-04 11:52:34,951 - scraper - INFO - date: 
2025-06-04 11:52:34,951 - scraper - INFO - likes: 5
2025-06-04 11:52:34,952 - scraper - INFO - ==================================================

2025-06-04 11:52:34,952 - scraper - INFO - Adding delay of 2.12 seconds
2025-06-04 11:52:37,706 - scraper - INFO - 
==================================================
2025-06-04 11:52:37,706 - scraper - INFO - DEBUG: Comment 19
2025-06-04 11:52:37,706 - scraper - INFO - ==================================================
2025-06-04 11:52:37,706 - scraper - INFO - username: mesi
2025-06-04 11:52:37,720 - scraper - INFO - date: 
2025-06-04 11:52:37,720 - scraper - INFO - likes: 4
2025-06-04 11:52:37,721 - scraper - INFO - ==================================================

2025-06-04 11:52:37,721 - scraper - INFO - Scraped 19 comments for video 1
2025-06-04 11:52:37,721 - scraper - INFO - 
==================================================
2025-06-04 11:52:37,722 - scraper - INFO - DEBUG: Video Data
2025-06-04 11:52:37,722 - scraper - INFO - ==================================================
2025-06-04 11:52:37,726 - scraper - INFO - video_url: https://www.tiktok.com/@zedingil12/video/7423822305593199878
2025-06-04 11:52:37,726 - scraper - INFO - like: 23K
2025-06-04 11:52:37,726 - scraper - INFO - comment: 715
2025-06-04 11:52:37,726 - scraper - INFO - share: 2412
2025-06-04 11:52:37,726 - scraper - INFO - date: 2024-10-9
2025-06-04 11:52:37,726 - scraper - INFO - username: @zedingil12
2025-06-04 11:52:37,734 - scraper - INFO - hashtags: ['#Amhara#Fano#29', '#1', '#2017']
2025-06-04 11:52:37,734 - scraper - INFO - ==================================================

2025-06-04 11:52:37,734 - scraper - INFO - Processing video 2/12: https://www.tiktok.com/@gionmedia21/video/7511743224537550102
2025-06-04 11:52:37,734 - scraper - INFO - Adding delay of 2.76 seconds
2025-06-04 11:53:22,717 - scraper - INFO - No popup/captcha detected
2025-06-04 11:53:23,026 - scraper - INFO - Attempting to scrape up to 50 comments...
2025-06-04 12:04:23,501 - scraper - INFO - 
==================================================
2025-06-04 12:04:23,516 - scraper - INFO - DEBUG: Comment 1
2025-06-04 12:04:23,516 - scraper - INFO - ==================================================
2025-06-04 12:04:23,516 - scraper - INFO - username: sale
2025-06-04 12:04:23,531 - scraper - INFO - date: 15h ago
2025-06-04 12:04:23,531 - scraper - INFO - likes: 3
2025-06-04 12:04:23,533 - scraper - INFO - ==================================================

2025-06-04 12:04:23,533 - scraper - INFO - Adding delay of 4.76 seconds
2025-06-04 12:04:28,485 - scraper - INFO - 
==================================================
2025-06-04 12:04:28,485 - scraper - INFO - DEBUG: Comment 2
2025-06-04 12:04:28,485 - scraper - INFO - ==================================================
2025-06-04 12:04:28,486 - scraper - INFO - username: ethiopia
2025-06-04 12:04:28,492 - scraper - INFO - date: 4h ago
2025-06-04 12:04:28,492 - scraper - INFO - likes: 0
2025-06-04 12:04:28,492 - scraper - INFO - ==================================================

2025-06-04 12:04:28,494 - scraper - INFO - Adding delay of 4.58 seconds
2025-06-04 12:04:33,286 - scraper - INFO - 
==================================================
2025-06-04 12:04:33,287 - scraper - INFO - DEBUG: Comment 3
2025-06-04 12:04:33,287 - scraper - INFO - ==================================================
2025-06-04 12:04:33,301 - scraper - INFO - date: 4h ago
2025-06-04 12:04:33,301 - scraper - INFO - likes: 0
2025-06-04 12:04:33,302 - scraper - INFO - ==================================================

2025-06-04 12:04:33,302 - scraper - INFO - Adding delay of 3.76 seconds
2025-06-04 12:04:37,274 - scraper - INFO - 
==================================================
2025-06-04 12:04:37,275 - scraper - INFO - DEBUG: Comment 4
2025-06-04 12:04:37,275 - scraper - INFO - ==================================================
2025-06-04 12:04:37,276 - scraper - INFO - username: Degu Zegeye
2025-06-04 12:04:37,283 - scraper - INFO - date: 15h ago
2025-06-04 12:04:37,283 - scraper - INFO - likes: 1
2025-06-04 12:04:37,284 - scraper - INFO - ==================================================

2025-06-04 12:04:37,284 - scraper - INFO - Adding delay of 4.96 seconds
2025-06-04 12:04:42,427 - scraper - INFO - 
==================================================
2025-06-04 12:04:42,427 - scraper - INFO - DEBUG: Comment 5
2025-06-04 12:04:42,428 - scraper - INFO - ==================================================
2025-06-04 12:04:42,439 - scraper - INFO - date: 8h ago
2025-06-04 12:04:42,439 - scraper - INFO - likes: 0
2025-06-04 12:04:42,439 - scraper - INFO - ==================================================

2025-06-04 12:04:42,440 - scraper - INFO - Adding delay of 2.39 seconds
2025-06-04 12:04:45,017 - scraper - INFO - 
==================================================
2025-06-04 12:04:45,023 - scraper - INFO - DEBUG: Comment 6
2025-06-04 12:04:45,023 - scraper - INFO - ==================================================
2025-06-04 12:04:45,023 - scraper - INFO - username: Kendu
2025-06-04 12:04:45,034 - scraper - INFO - date: 9h ago
2025-06-04 12:04:45,037 - scraper - INFO - likes: 0
2025-06-04 12:04:45,038 - scraper - INFO - ==================================================

2025-06-04 12:04:45,040 - scraper - INFO - Adding delay of 2.11 seconds
2025-06-04 12:04:47,339 - scraper - INFO - 
==================================================
2025-06-04 12:04:47,339 - scraper - INFO - DEBUG: Comment 7
2025-06-04 12:04:47,339 - scraper - INFO - ==================================================
2025-06-04 12:04:47,346 - scraper - INFO - username: Kendu
2025-06-04 12:04:47,351 - scraper - INFO - date: 9h ago
2025-06-04 12:04:47,351 - scraper - INFO - likes: 0
2025-06-04 12:04:47,351 - scraper - INFO - ==================================================

2025-06-04 12:04:47,353 - scraper - INFO - Adding delay of 2.47 seconds
2025-06-04 12:04:49,995 - scraper - INFO - 
==================================================
2025-06-04 12:04:49,995 - scraper - INFO - DEBUG: Comment 8
2025-06-04 12:04:49,995 - scraper - INFO - ==================================================
2025-06-04 12:04:50,003 - scraper - INFO - username: Kendu
2025-06-04 12:04:50,008 - scraper - INFO - date: 9h ago
2025-06-04 12:04:50,008 - scraper - INFO - likes: 0
2025-06-04 12:04:50,008 - scraper - INFO - ==================================================

2025-06-04 12:04:50,009 - scraper - INFO - Adding delay of 2.94 seconds
2025-06-04 12:04:53,157 - scraper - INFO - 
==================================================
2025-06-04 12:04:53,157 - scraper - INFO - DEBUG: Comment 9
2025-06-04 12:04:53,157 - scraper - INFO - ==================================================
2025-06-04 12:04:53,161 - scraper - INFO - username: Kendu
2025-06-04 12:04:53,167 - scraper - INFO - date: 9h ago
2025-06-04 12:04:53,168 - scraper - INFO - likes: 0
2025-06-04 12:04:53,168 - scraper - INFO - ==================================================

2025-06-04 12:04:53,169 - scraper - INFO - Adding delay of 4.28 seconds
2025-06-04 12:04:57,634 - scraper - INFO - 
==================================================
2025-06-04 12:04:57,634 - scraper - INFO - DEBUG: Comment 10
2025-06-04 12:04:57,634 - scraper - INFO - ==================================================
2025-06-04 12:04:57,634 - scraper - INFO - username: Kendu
2025-06-04 12:04:57,642 - scraper - INFO - date: 9h ago
2025-06-04 12:04:57,643 - scraper - INFO - likes: 0
2025-06-04 12:04:57,650 - scraper - INFO - ==================================================

2025-06-04 12:04:57,652 - scraper - INFO - Adding delay of 4.68 seconds
2025-06-04 12:05:02,501 - scraper - INFO - 
==================================================
2025-06-04 12:05:02,502 - scraper - INFO - DEBUG: Comment 11
2025-06-04 12:05:02,502 - scraper - INFO - ==================================================
2025-06-04 12:05:02,503 - scraper - INFO - username: Kendu
2025-06-04 12:05:02,509 - scraper - INFO - date: 9h ago
2025-06-04 12:05:02,509 - scraper - INFO - likes: 0
2025-06-04 12:05:02,584 - scraper - INFO - ==================================================

2025-06-04 12:05:02,624 - scraper - INFO - Adding delay of 4.91 seconds
2025-06-04 12:05:07,706 - scraper - INFO - 
==================================================
2025-06-04 12:05:07,707 - scraper - INFO - DEBUG: Comment 12
2025-06-04 12:05:07,707 - scraper - INFO - ==================================================
2025-06-04 12:05:07,707 - scraper - INFO - username: Kendu
2025-06-04 12:05:07,713 - scraper - INFO - date: 9h ago
2025-06-04 12:05:07,713 - scraper - INFO - likes: 0
2025-06-04 12:05:07,713 - scraper - INFO - ==================================================

2025-06-04 12:05:07,714 - scraper - INFO - Adding delay of 2.49 seconds
2025-06-04 12:05:10,392 - scraper - INFO - 
==================================================
2025-06-04 12:05:10,393 - scraper - INFO - DEBUG: Comment 13
2025-06-04 12:05:10,393 - scraper - INFO - ==================================================
2025-06-04 12:05:10,395 - scraper - INFO - username: Kendu
2025-06-04 12:05:10,400 - scraper - INFO - date: 9h ago
2025-06-04 12:05:10,400 - scraper - INFO - likes: 0
2025-06-04 12:05:10,401 - scraper - INFO - ==================================================

2025-06-04 12:05:10,402 - scraper - INFO - Adding delay of 4.89 seconds
2025-06-04 12:05:15,477 - scraper - INFO - 
==================================================
2025-06-04 12:05:15,477 - scraper - INFO - DEBUG: Comment 14
2025-06-04 12:05:15,478 - scraper - INFO - ==================================================
2025-06-04 12:05:15,478 - scraper - INFO - username: Kendu
2025-06-04 12:05:15,485 - scraper - INFO - date: 9h ago
2025-06-04 12:05:15,485 - scraper - INFO - likes: 0
2025-06-04 12:05:15,485 - scraper - INFO - ==================================================

2025-06-04 12:05:15,487 - scraper - INFO - Adding delay of 2.31 seconds
2025-06-04 12:05:17,962 - scraper - INFO - 
==================================================
2025-06-04 12:05:17,963 - scraper - INFO - DEBUG: Comment 15
2025-06-04 12:05:17,963 - scraper - INFO - ==================================================
2025-06-04 12:05:17,963 - scraper - INFO - username: Kendu
2025-06-04 12:05:17,968 - scraper - INFO - date: 9h ago
2025-06-04 12:05:17,968 - scraper - INFO - likes: 0
2025-06-04 12:05:17,969 - scraper - INFO - ==================================================

2025-06-04 12:05:17,969 - scraper - INFO - Adding delay of 2.26 seconds
2025-06-04 12:05:20,405 - scraper - INFO - 
==================================================
2025-06-04 12:05:20,406 - scraper - INFO - DEBUG: Comment 16
2025-06-04 12:05:20,406 - scraper - INFO - ==================================================
2025-06-04 12:05:20,406 - scraper - INFO - username: Kendu
2025-06-04 12:05:20,412 - scraper - INFO - date: 9h ago
2025-06-04 12:05:20,412 - scraper - INFO - likes: 0
2025-06-04 12:05:20,412 - scraper - INFO - ==================================================

2025-06-04 12:05:20,413 - scraper - INFO - Adding delay of 3.17 seconds
2025-06-04 12:05:23,744 - scraper - INFO - 
==================================================
2025-06-04 12:05:23,745 - scraper - INFO - DEBUG: Comment 17
2025-06-04 12:05:23,745 - scraper - INFO - ==================================================
2025-06-04 12:05:23,745 - scraper - INFO - username: Solomon Gihon
2025-06-04 12:05:23,750 - scraper - INFO - date: 12h ago
2025-06-04 12:05:23,751 - scraper - INFO - likes: 0
2025-06-04 12:05:23,751 - scraper - INFO - ==================================================

2025-06-04 12:05:23,751 - scraper - INFO - Adding delay of 3.58 seconds
2025-06-04 12:05:27,513 - scraper - INFO - 
==================================================
2025-06-04 12:05:27,514 - scraper - INFO - DEBUG: Comment 18
2025-06-04 12:05:27,514 - scraper - INFO - ==================================================
2025-06-04 12:05:27,515 - scraper - INFO - username: Sami felaw
2025-06-04 12:05:27,521 - scraper - INFO - date: 13h ago
2025-06-04 12:05:27,521 - scraper - INFO - likes: 0
2025-06-04 12:05:27,522 - scraper - INFO - ==================================================

2025-06-04 12:05:27,522 - scraper - INFO - Adding delay of 4.63 seconds
2025-06-04 12:05:32,349 - scraper - INFO - 
==================================================
2025-06-04 12:05:32,351 - scraper - INFO - DEBUG: Comment 19
2025-06-04 12:05:32,352 - scraper - INFO - ==================================================
2025-06-04 12:05:32,353 - scraper - INFO - username: yawlaldenessa1892
2025-06-04 12:05:32,411 - scraper - INFO - date: 13h ago
2025-06-04 12:05:32,413 - scraper - INFO - likes: 0
2025-06-04 12:05:32,424 - scraper - INFO - ==================================================

2025-06-04 12:05:32,426 - scraper - INFO - Adding delay of 3.00 seconds
2025-06-04 12:05:35,610 - scraper - INFO - 
==================================================
2025-06-04 12:05:35,611 - scraper - INFO - DEBUG: Comment 20
2025-06-04 12:05:35,611 - scraper - INFO - ==================================================
2025-06-04 12:05:35,611 - scraper - INFO - username: tega tega
2025-06-04 12:05:35,617 - scraper - INFO - date: 15h ago
2025-06-04 12:05:35,617 - scraper - INFO - likes: 0
2025-06-04 12:05:35,617 - scraper - INFO - ==================================================

2025-06-04 12:05:35,617 - scraper - INFO - Adding delay of 4.33 seconds
2025-06-04 12:05:40,160 - scraper - INFO - 
==================================================
2025-06-04 12:05:40,165 - scraper - INFO - DEBUG: Comment 21
2025-06-04 12:05:40,165 - scraper - INFO - ==================================================
2025-06-04 12:05:40,165 - scraper - INFO - username: Degu Zegeye
2025-06-04 12:05:40,175 - scraper - INFO - date: 15h ago
2025-06-04 12:05:40,176 - scraper - INFO - likes: 0
2025-06-04 12:05:40,176 - scraper - INFO - ==================================================

2025-06-04 12:05:40,177 - scraper - INFO - Adding delay of 3.10 seconds
2025-06-04 12:05:43,441 - scraper - INFO - 
==================================================
2025-06-04 12:05:43,441 - scraper - INFO - DEBUG: Comment 22
2025-06-04 12:05:43,443 - scraper - INFO - ==================================================
2025-06-04 12:05:43,443 - scraper - INFO - username: Degu Zegeye
2025-06-04 12:05:43,449 - scraper - INFO - date: 15h ago
2025-06-04 12:05:43,449 - scraper - INFO - likes: 0
2025-06-04 12:05:43,450 - scraper - INFO - ==================================================

2025-06-04 12:05:43,450 - scraper - INFO - Adding delay of 4.06 seconds
2025-06-04 12:05:47,689 - scraper - INFO - 
==================================================
2025-06-04 12:05:47,689 - scraper - INFO - DEBUG: Comment 23
2025-06-04 12:05:47,690 - scraper - INFO - ==================================================
2025-06-04 12:05:47,690 - scraper - INFO - username: Degu Zegeye
2025-06-04 12:05:47,696 - scraper - INFO - date: 15h ago
2025-06-04 12:05:47,696 - scraper - INFO - likes: 0
2025-06-04 12:05:47,697 - scraper - INFO - ==================================================

2025-06-04 12:05:47,697 - scraper - INFO - Adding delay of 2.51 seconds
2025-06-04 12:05:50,359 - scraper - INFO - 
==================================================
2025-06-04 12:05:50,359 - scraper - INFO - DEBUG: Comment 24
2025-06-04 12:05:50,359 - scraper - INFO - ==================================================
2025-06-04 12:05:50,359 - scraper - INFO - username: Degu Zegeye
2025-06-04 12:05:50,364 - scraper - INFO - date: 15h ago
2025-06-04 12:05:50,365 - scraper - INFO - likes: 0
2025-06-04 12:05:50,365 - scraper - INFO - ==================================================

2025-06-04 12:05:50,365 - scraper - INFO - Adding delay of 4.53 seconds
2025-06-04 12:05:55,065 - scraper - INFO - 
==================================================
2025-06-04 12:05:55,066 - scraper - INFO - DEBUG: Comment 25
2025-06-04 12:05:55,066 - scraper - INFO - ==================================================
2025-06-04 12:05:55,066 - scraper - INFO - username: Degu Zegeye
2025-06-04 12:05:55,073 - scraper - INFO - date: 15h ago
2025-06-04 12:05:55,073 - scraper - INFO - likes: 0
2025-06-04 12:05:55,074 - scraper - INFO - ==================================================

2025-06-04 12:05:55,074 - scraper - INFO - Adding delay of 3.86 seconds
2025-06-04 12:05:59,107 - scraper - INFO - 
==================================================
2025-06-04 12:05:59,109 - scraper - INFO - DEBUG: Comment 26
2025-06-04 12:05:59,109 - scraper - INFO - ==================================================
2025-06-04 12:05:59,114 - scraper - INFO - text: aaaq
2025-06-04 12:05:59,114 - scraper - INFO - date: 16h ago
2025-06-04 12:05:59,115 - scraper - INFO - likes: 0
2025-06-04 12:05:59,116 - scraper - INFO - ==================================================

2025-06-04 12:05:59,116 - scraper - INFO - Adding delay of 3.40 seconds
2025-06-04 12:06:02,698 - scraper - INFO - 
==================================================
2025-06-04 12:06:02,699 - scraper - INFO - DEBUG: Comment 27
2025-06-04 12:06:02,699 - scraper - INFO - ==================================================
2025-06-04 12:06:02,699 - scraper - INFO - username: Zeleke Mulugeta
2025-06-04 12:06:02,700 - scraper - INFO - text: wushet
2025-06-04 12:06:02,701 - scraper - INFO - date: 9h ago
2025-06-04 12:06:02,701 - scraper - INFO - likes: 0
2025-06-04 12:06:02,701 - scraper - INFO - ==================================================

2025-06-04 12:06:02,702 - scraper - INFO - Adding delay of 2.22 seconds
2025-06-04 12:06:05,119 - scraper - INFO - 
==================================================
2025-06-04 12:06:05,119 - scraper - INFO - DEBUG: Comment 28
2025-06-04 12:06:05,120 - scraper - INFO - ==================================================
2025-06-04 12:06:05,131 - scraper - INFO - date: 13h ago
2025-06-04 12:06:05,131 - scraper - INFO - likes: 0
2025-06-04 12:06:05,131 - scraper - INFO - ==================================================

2025-06-04 12:06:05,131 - scraper - INFO - Adding delay of 3.76 seconds
2025-06-04 12:06:09,055 - scraper - INFO - 
==================================================
2025-06-04 12:06:09,055 - scraper - INFO - DEBUG: Comment 29
2025-06-04 12:06:09,055 - scraper - INFO - ==================================================
2025-06-04 12:06:09,055 - scraper - INFO - username: Endaweke Tilahun
2025-06-04 12:06:09,062 - scraper - INFO - date: 13h ago
2025-06-04 12:06:09,062 - scraper - INFO - likes: 0
2025-06-04 12:06:09,063 - scraper - INFO - ==================================================

2025-06-04 12:06:09,063 - scraper - INFO - Scraped 29 comments for video 2
2025-06-04 12:06:09,064 - scraper - INFO - 
==================================================
2025-06-04 12:06:09,064 - scraper - INFO - DEBUG: Video Data
2025-06-04 12:06:09,065 - scraper - INFO - ==================================================
2025-06-04 12:06:09,072 - scraper - INFO - video_url: https://www.tiktok.com/@gionmedia21/video/7511743224537550102
2025-06-04 12:06:09,073 - scraper - INFO - like: 1219
2025-06-04 12:06:09,073 - scraper - INFO - comment: 35
2025-06-04 12:06:09,074 - scraper - INFO - share: 238
2025-06-04 12:06:09,075 - scraper - INFO - date: 17h ago
2025-06-04 12:06:09,075 - scraper - INFO - username: @gionmedia21
2025-06-04 12:06:09,110 - scraper - INFO - ==================================================

2025-06-04 12:06:09,110 - scraper - INFO - Processing video 3/12: https://www.tiktok.com/@gionmedia21/video/7511488126745939222
2025-06-04 12:06:09,110 - scraper - INFO - Adding delay of 4.40 seconds
2025-06-04 12:07:05,608 - scraper - INFO - No popup/captcha detected
2025-06-04 12:07:05,730 - scraper - INFO - Attempting to scrape up to 50 comments...
2025-06-04 12:07:41,107 - scraper - INFO - 
==================================================
2025-06-04 12:07:41,108 - scraper - INFO - DEBUG: Comment 1
2025-06-04 12:07:41,109 - scraper - INFO - ==================================================
2025-06-04 12:07:41,121 - scraper - INFO - date: 18h ago
2025-06-04 12:07:41,121 - scraper - INFO - likes: 2
2025-06-04 12:07:41,122 - scraper - INFO - ==================================================

2025-06-04 12:07:41,122 - scraper - INFO - Adding delay of 2.37 seconds
2025-06-04 12:07:43,676 - scraper - INFO - 
==================================================
2025-06-04 12:07:43,676 - scraper - INFO - DEBUG: Comment 2
2025-06-04 12:07:43,676 - scraper - INFO - ==================================================
2025-06-04 12:07:43,687 - scraper - INFO - date: 1d ago
2025-06-04 12:07:43,687 - scraper - INFO - likes: 0
2025-06-04 12:07:43,688 - scraper - INFO - ==================================================

2025-06-04 12:07:43,688 - scraper - INFO - Adding delay of 2.64 seconds
2025-06-04 12:07:46,474 - scraper - INFO - 
==================================================
2025-06-04 12:07:46,474 - scraper - INFO - DEBUG: Comment 3
2025-06-04 12:07:46,475 - scraper - INFO - ==================================================
2025-06-04 12:07:46,475 - scraper - INFO - username: Firew Adimasi
2025-06-04 12:07:46,481 - scraper - INFO - date: 17h ago
2025-06-04 12:07:46,482 - scraper - INFO - likes: 0
2025-06-04 12:07:46,482 - scraper - INFO - ==================================================

2025-06-04 12:07:46,482 - scraper - INFO - Adding delay of 2.54 seconds
2025-06-04 12:07:49,188 - scraper - INFO - 
==================================================
2025-06-04 12:07:49,188 - scraper - INFO - DEBUG: Comment 4
2025-06-04 12:07:49,188 - scraper - INFO - ==================================================
2025-06-04 12:07:49,188 - scraper - INFO - username: boss
2025-06-04 12:07:49,196 - scraper - INFO - date: 1d ago
2025-06-04 12:07:49,197 - scraper - INFO - likes: 1
2025-06-04 12:07:49,197 - scraper - INFO - ==================================================

2025-06-04 12:07:49,197 - scraper - INFO - Adding delay of 2.03 seconds
2025-06-04 12:07:51,440 - scraper - INFO - 
==================================================
2025-06-04 12:07:51,440 - scraper - INFO - DEBUG: Comment 5
2025-06-04 12:07:51,440 - scraper - INFO - ==================================================
2025-06-04 12:07:51,442 - scraper - INFO - username: mnga G
2025-06-04 12:07:51,446 - scraper - INFO - date: 21h ago
2025-06-04 12:07:51,447 - scraper - INFO - likes: 1
2025-06-04 12:07:51,447 - scraper - INFO - ==================================================

2025-06-04 12:07:51,447 - scraper - INFO - Adding delay of 2.09 seconds
2025-06-04 12:07:53,768 - scraper - INFO - 
==================================================
2025-06-04 12:07:53,768 - scraper - INFO - DEBUG: Comment 6
2025-06-04 12:07:53,768 - scraper - INFO - ==================================================
2025-06-04 12:07:53,770 - scraper - INFO - username: Bini Negni@+!!
2025-06-04 12:07:53,780 - scraper - INFO - date: 22h ago
2025-06-04 12:07:53,780 - scraper - INFO - likes: 1
2025-06-04 12:07:53,782 - scraper - INFO - ==================================================

2025-06-04 12:07:53,783 - scraper - INFO - Adding delay of 4.87 seconds
2025-06-04 12:07:58,884 - scraper - INFO - 
==================================================
2025-06-04 12:07:58,884 - scraper - INFO - DEBUG: Comment 7
2025-06-04 12:07:58,884 - scraper - INFO - ==================================================
2025-06-04 12:07:58,884 - scraper - INFO - username: Amare
2025-06-04 12:07:58,893 - scraper - INFO - date: 23h ago
2025-06-04 12:07:58,894 - scraper - INFO - likes: 1
2025-06-04 12:07:58,894 - scraper - INFO - ==================================================

2025-06-04 12:07:58,896 - scraper - INFO - Adding delay of 4.19 seconds
2025-06-04 12:08:03,340 - scraper - INFO - 
==================================================
2025-06-04 12:08:03,340 - scraper - INFO - DEBUG: Comment 8
2025-06-04 12:08:03,341 - scraper - INFO - ==================================================
2025-06-04 12:08:03,341 - scraper - INFO - username: Be Kind
2025-06-04 12:08:03,348 - scraper - INFO - date: 1d ago
2025-06-04 12:08:03,349 - scraper - INFO - likes: 1
2025-06-04 12:08:03,349 - scraper - INFO - ==================================================

2025-06-04 12:08:03,350 - scraper - INFO - Adding delay of 4.61 seconds
2025-06-04 12:08:08,134 - scraper - INFO - 
==================================================
2025-06-04 12:08:08,134 - scraper - INFO - DEBUG: Comment 9
2025-06-04 12:08:08,134 - scraper - INFO - ==================================================
2025-06-04 12:08:08,134 - scraper - INFO - username: migibaradal
2025-06-04 12:08:08,141 - scraper - INFO - date: 11h ago
2025-06-04 12:08:08,141 - scraper - INFO - likes: 0
2025-06-04 12:08:08,141 - scraper - INFO - ==================================================

2025-06-04 12:08:08,141 - scraper - INFO - Adding delay of 4.23 seconds
2025-06-04 12:08:12,552 - scraper - INFO - 
==================================================
2025-06-04 12:08:12,553 - scraper - INFO - DEBUG: Comment 10
2025-06-04 12:08:12,553 - scraper - INFO - ==================================================
2025-06-04 12:08:12,553 - scraper - INFO - username: Hafte
2025-06-04 12:08:12,559 - scraper - INFO - date: 1d ago
2025-06-04 12:08:12,559 - scraper - INFO - likes: 1
2025-06-04 12:08:12,560 - scraper - INFO - ==================================================

2025-06-04 12:08:12,561 - scraper - INFO - Adding delay of 3.81 seconds
2025-06-04 12:08:16,526 - scraper - INFO - 
==================================================
2025-06-04 12:08:16,526 - scraper - INFO - DEBUG: Comment 11
2025-06-04 12:08:16,526 - scraper - INFO - ==================================================
2025-06-04 12:08:16,526 - scraper - INFO - username: Alebachewu
2025-06-04 12:08:16,534 - scraper - INFO - date: 14h ago
2025-06-04 12:08:16,535 - scraper - INFO - likes: 0
2025-06-04 12:08:16,535 - scraper - INFO - ==================================================

2025-06-04 12:08:16,535 - scraper - INFO - Adding delay of 4.32 seconds
2025-06-04 12:08:21,030 - scraper - INFO - 
==================================================
2025-06-04 12:08:21,030 - scraper - INFO - DEBUG: Comment 12
2025-06-04 12:08:21,030 - scraper - INFO - ==================================================
2025-06-04 12:08:21,030 - scraper - INFO - username: chala1234
2025-06-04 12:08:21,047 - scraper - INFO - date: 18h ago
2025-06-04 12:08:21,048 - scraper - INFO - likes: 0
2025-06-04 12:08:21,048 - scraper - INFO - ==================================================

2025-06-04 12:08:21,048 - scraper - INFO - Adding delay of 4.87 seconds
2025-06-04 12:08:26,078 - scraper - INFO - 
==================================================
2025-06-04 12:08:26,079 - scraper - INFO - DEBUG: Comment 13
2025-06-04 12:08:26,079 - scraper - INFO - ==================================================
2025-06-04 12:08:26,088 - scraper - INFO - date: 17h ago
2025-06-04 12:08:26,088 - scraper - INFO - likes: 0
2025-06-04 12:08:26,088 - scraper - INFO - ==================================================

2025-06-04 12:08:26,089 - scraper - INFO - Adding delay of 2.65 seconds
2025-06-04 12:08:28,904 - scraper - INFO - 
==================================================
2025-06-04 12:08:28,904 - scraper - INFO - DEBUG: Comment 14
2025-06-04 12:08:28,904 - scraper - INFO - ==================================================
2025-06-04 12:08:28,908 - scraper - INFO - username: user76901946787934
2025-06-04 12:08:28,912 - scraper - INFO - date: 18h ago
2025-06-04 12:08:28,912 - scraper - INFO - likes: 0
2025-06-04 12:08:28,912 - scraper - INFO - ==================================================

2025-06-04 12:08:28,912 - scraper - INFO - Adding delay of 3.31 seconds
2025-06-04 12:08:32,382 - scraper - INFO - 
==================================================
2025-06-04 12:08:32,382 - scraper - INFO - DEBUG: Comment 15
2025-06-04 12:08:32,382 - scraper - INFO - ==================================================
2025-06-04 12:08:32,383 - scraper - INFO - username: fayda@33
2025-06-04 12:08:32,388 - scraper - INFO - date: 14h ago
2025-06-04 12:08:32,388 - scraper - INFO - likes: 0
2025-06-04 12:08:32,389 - scraper - INFO - ==================================================

2025-06-04 12:08:32,389 - scraper - INFO - Adding delay of 3.29 seconds
2025-06-04 12:08:35,825 - scraper - INFO - 
==================================================
2025-06-04 12:08:35,825 - scraper - INFO - DEBUG: Comment 16
2025-06-04 12:08:35,825 - scraper - INFO - ==================================================
2025-06-04 12:08:35,836 - scraper - INFO - date: 16h ago
2025-06-04 12:08:35,837 - scraper - INFO - likes: 0
2025-06-04 12:08:35,837 - scraper - INFO - ==================================================

2025-06-04 12:08:35,837 - scraper - INFO - Adding delay of 4.32 seconds
2025-06-04 12:08:40,323 - scraper - INFO - 
==================================================
2025-06-04 12:08:40,325 - scraper - INFO - DEBUG: Comment 17
2025-06-04 12:08:40,325 - scraper - INFO - ==================================================
2025-06-04 12:08:40,325 - scraper - INFO - username: Desta manbfro7689
2025-06-04 12:08:40,331 - scraper - INFO - date: 22h ago
2025-06-04 12:08:40,331 - scraper - INFO - likes: 0
2025-06-04 12:08:40,331 - scraper - INFO - ==================================================

2025-06-04 12:08:40,332 - scraper - INFO - Adding delay of 4.30 seconds
2025-06-04 12:08:44,788 - scraper - INFO - 
==================================================
2025-06-04 12:08:44,788 - scraper - INFO - DEBUG: Comment 18
2025-06-04 12:08:44,790 - scraper - INFO - ==================================================
2025-06-04 12:08:44,790 - scraper - INFO - username: 8126
2025-06-04 12:08:44,793 - scraper - INFO - date: 19h ago
2025-06-04 12:08:44,793 - scraper - INFO - likes: 0
2025-06-04 12:08:44,795 - scraper - INFO - ==================================================

2025-06-04 12:08:44,795 - scraper - INFO - Adding delay of 4.20 seconds
2025-06-04 12:08:49,157 - scraper - INFO - 
==================================================
2025-06-04 12:08:49,157 - scraper - INFO - DEBUG: Comment 19
2025-06-04 12:08:49,158 - scraper - INFO - ==================================================
2025-06-04 12:08:49,158 - scraper - INFO - username: yomi tube
2025-06-04 12:08:49,163 - scraper - INFO - date: 23h ago
2025-06-04 12:08:49,164 - scraper - INFO - likes: 0
2025-06-04 12:08:49,164 - scraper - INFO - ==================================================

2025-06-04 12:08:49,164 - scraper - INFO - Adding delay of 4.59 seconds
2025-06-04 12:08:53,901 - scraper - INFO - 
==================================================
2025-06-04 12:08:53,903 - scraper - INFO - DEBUG: Comment 20
2025-06-04 12:08:53,903 - scraper - INFO - ==================================================
2025-06-04 12:08:53,903 - scraper - INFO - username: MAD IN AMHARA
2025-06-04 12:08:53,908 - scraper - INFO - date: 18h ago
2025-06-04 12:08:53,908 - scraper - INFO - likes: 0
2025-06-04 12:08:53,908 - scraper - INFO - ==================================================

2025-06-04 12:08:53,909 - scraper - INFO - Adding delay of 4.17 seconds
2025-06-04 12:08:58,239 - scraper - INFO - 
==================================================
2025-06-04 12:08:58,240 - scraper - INFO - DEBUG: Comment 21
2025-06-04 12:08:58,240 - scraper - INFO - ==================================================
2025-06-04 12:08:58,250 - scraper - INFO - date: 17h ago
2025-06-04 12:08:58,250 - scraper - INFO - likes: 0
2025-06-04 12:08:58,251 - scraper - INFO - ==================================================

2025-06-04 12:08:58,251 - scraper - INFO - Adding delay of 3.81 seconds
2025-06-04 12:09:02,227 - scraper - INFO - 
==================================================
2025-06-04 12:09:02,228 - scraper - INFO - DEBUG: Comment 22
2025-06-04 12:09:02,228 - scraper - INFO - ==================================================
2025-06-04 12:09:02,228 - scraper - INFO - username: user393143167721
2025-06-04 12:09:02,235 - scraper - INFO - date: 14h ago
2025-06-04 12:09:02,235 - scraper - INFO - likes: 0
2025-06-04 12:09:02,235 - scraper - INFO - ==================================================

2025-06-04 12:09:02,235 - scraper - INFO - Adding delay of 4.37 seconds
2025-06-04 12:09:06,759 - scraper - INFO - 
==================================================
2025-06-04 12:09:06,759 - scraper - INFO - DEBUG: Comment 23
2025-06-04 12:09:06,759 - scraper - INFO - ==================================================
2025-06-04 12:09:06,759 - scraper - INFO - username: Leniiiii
2025-06-04 12:09:06,765 - scraper - INFO - date: 16h ago
2025-06-04 12:09:06,765 - scraper - INFO - likes: 0
2025-06-04 12:09:06,765 - scraper - INFO - ==================================================

2025-06-04 12:09:06,765 - scraper - INFO - Adding delay of 2.45 seconds
2025-06-04 12:09:09,381 - scraper - INFO - 
==================================================
2025-06-04 12:09:09,381 - scraper - INFO - DEBUG: Comment 24
2025-06-04 12:09:09,382 - scraper - INFO - ==================================================
2025-06-04 12:09:09,382 - scraper - INFO - username: Yosefe @@@
2025-06-04 12:09:09,389 - scraper - INFO - date: 23h ago
2025-06-04 12:09:09,389 - scraper - INFO - likes: 0
2025-06-04 12:09:09,389 - scraper - INFO - ==================================================

2025-06-04 12:09:09,390 - scraper - INFO - Adding delay of 3.27 seconds
2025-06-04 12:09:12,814 - scraper - INFO - 
==================================================
2025-06-04 12:09:12,814 - scraper - INFO - DEBUG: Comment 25
2025-06-04 12:09:12,814 - scraper - INFO - ==================================================
2025-06-04 12:09:12,816 - scraper - INFO - username: yarido@123
2025-06-04 12:09:12,821 - scraper - INFO - date: 19h ago
2025-06-04 12:09:12,821 - scraper - INFO - likes: 0
2025-06-04 12:09:12,821 - scraper - INFO - ==================================================

2025-06-04 12:09:12,822 - scraper - INFO - Adding delay of 3.85 seconds
2025-06-04 12:09:16,830 - scraper - INFO - 
==================================================
2025-06-04 12:09:16,831 - scraper - INFO - DEBUG: Comment 26
2025-06-04 12:09:16,831 - scraper - INFO - ==================================================
2025-06-04 12:09:16,831 - scraper - INFO - username: Mb
2025-06-04 12:09:16,836 - scraper - INFO - date: 21h ago
2025-06-04 12:09:16,836 - scraper - INFO - likes: 0
2025-06-04 12:09:16,836 - scraper - INFO - ==================================================

2025-06-04 12:09:16,837 - scraper - INFO - Adding delay of 3.32 seconds
2025-06-04 12:09:20,308 - scraper - INFO - 
==================================================
2025-06-04 12:09:20,308 - scraper - INFO - DEBUG: Comment 27
2025-06-04 12:09:20,308 - scraper - INFO - ==================================================
2025-06-04 12:09:20,308 - scraper - INFO - username: Wo Ze
2025-06-04 12:09:20,311 - scraper - INFO - date: 20h ago
2025-06-04 12:09:20,311 - scraper - INFO - likes: 0
2025-06-04 12:09:20,316 - scraper - INFO - ==================================================

2025-06-04 12:09:20,316 - scraper - INFO - Adding delay of 3.39 seconds
2025-06-04 12:09:23,868 - scraper - INFO - 
==================================================
2025-06-04 12:09:23,868 - scraper - INFO - DEBUG: Comment 28
2025-06-04 12:09:23,868 - scraper - INFO - ==================================================
2025-06-04 12:09:23,868 - scraper - INFO - username: gech
2025-06-04 12:09:23,875 - scraper - INFO - date: 23h ago
2025-06-04 12:09:23,875 - scraper - INFO - likes: 0
2025-06-04 12:09:23,876 - scraper - INFO - ==================================================

2025-06-04 12:09:23,876 - scraper - INFO - Adding delay of 4.20 seconds
2025-06-04 12:09:28,246 - scraper - INFO - 
==================================================
2025-06-04 12:09:28,246 - scraper - INFO - DEBUG: Comment 29
2025-06-04 12:09:28,246 - scraper - INFO - ==================================================
2025-06-04 12:09:28,246 - scraper - INFO - username: solomon
2025-06-04 12:09:28,257 - scraper - INFO - date: 1d ago
2025-06-04 12:09:28,257 - scraper - INFO - likes: 0
2025-06-04 12:09:28,259 - scraper - INFO - ==================================================

2025-06-04 12:09:28,260 - scraper - INFO - Adding delay of 2.20 seconds
2025-06-04 12:09:30,636 - scraper - INFO - 
==================================================
2025-06-04 12:09:30,637 - scraper - INFO - DEBUG: Comment 30
2025-06-04 12:09:30,638 - scraper - INFO - ==================================================
2025-06-04 12:09:30,638 - scraper - INFO - username: KenaNew Mengede
2025-06-04 12:09:30,643 - scraper - INFO - date: 1d ago
2025-06-04 12:09:30,643 - scraper - INFO - likes: 0
2025-06-04 12:09:30,644 - scraper - INFO - ==================================================

2025-06-04 12:09:30,645 - scraper - INFO - Adding delay of 4.35 seconds
2025-06-04 12:09:35,167 - scraper - INFO - 
==================================================
2025-06-04 12:09:35,167 - scraper - INFO - DEBUG: Comment 31
2025-06-04 12:09:35,167 - scraper - INFO - ==================================================
2025-06-04 12:09:35,167 - scraper - INFO - username: Yarid Mamo
2025-06-04 12:09:35,172 - scraper - INFO - date: 1d ago
2025-06-04 12:09:35,173 - scraper - INFO - likes: 0
2025-06-04 12:09:35,173 - scraper - INFO - ==================================================

2025-06-04 12:09:35,174 - scraper - INFO - Adding delay of 4.50 seconds
2025-06-04 12:09:39,852 - scraper - INFO - 
==================================================
2025-06-04 12:09:39,853 - scraper - INFO - DEBUG: Comment 32
2025-06-04 12:09:39,853 - scraper - INFO - ==================================================
2025-06-04 12:09:39,853 - scraper - INFO - username: alex
2025-06-04 12:09:39,859 - scraper - INFO - date: 1d ago
2025-06-04 12:09:39,859 - scraper - INFO - likes: 0
2025-06-04 12:09:39,860 - scraper - INFO - ==================================================

2025-06-04 12:09:39,860 - scraper - INFO - Adding delay of 4.71 seconds
2025-06-04 12:09:44,743 - scraper - INFO - 
==================================================
2025-06-04 12:09:44,743 - scraper - INFO - DEBUG: Comment 33
2025-06-04 12:09:44,743 - scraper - INFO - ==================================================
2025-06-04 12:09:44,743 - scraper - INFO - username: redsea
2025-06-04 12:09:44,751 - scraper - INFO - date: 1d ago
2025-06-04 12:09:44,752 - scraper - INFO - likes: 0
2025-06-04 12:09:44,753 - scraper - INFO - ==================================================

2025-06-04 12:09:44,753 - scraper - INFO - Adding delay of 3.96 seconds
2025-06-04 12:09:48,868 - scraper - INFO - 
==================================================
2025-06-04 12:09:48,868 - scraper - INFO - DEBUG: Comment 34
2025-06-04 12:09:48,870 - scraper - INFO - ==================================================
2025-06-04 12:09:48,870 - scraper - INFO - username: Amex
2025-06-04 12:09:48,875 - scraper - INFO - date: 1d ago
2025-06-04 12:09:48,876 - scraper - INFO - likes: 0
2025-06-04 12:09:48,876 - scraper - INFO - ==================================================

2025-06-04 12:09:48,876 - scraper - INFO - Adding delay of 3.92 seconds
2025-06-04 12:09:52,973 - scraper - INFO - 
==================================================
2025-06-04 12:09:52,973 - scraper - INFO - DEBUG: Comment 35
2025-06-04 12:09:52,974 - scraper - INFO - ==================================================
2025-06-04 12:09:52,975 - scraper - INFO - username: Danel Gashaw
2025-06-04 12:09:52,980 - scraper - INFO - date: 1d ago
2025-06-04 12:09:52,981 - scraper - INFO - likes: 0
2025-06-04 12:09:52,983 - scraper - INFO - ==================================================

2025-06-04 12:09:52,988 - scraper - INFO - Adding delay of 3.55 seconds
2025-06-04 12:09:56,799 - scraper - INFO - 
==================================================
2025-06-04 12:09:56,800 - scraper - INFO - DEBUG: Comment 36
2025-06-04 12:09:56,800 - scraper - INFO - ==================================================
2025-06-04 12:09:56,811 - scraper - INFO - date: 1d ago
2025-06-04 12:09:56,811 - scraper - INFO - likes: 0
2025-06-04 12:09:56,811 - scraper - INFO - ==================================================

2025-06-04 12:09:56,812 - scraper - INFO - Adding delay of 2.59 seconds
2025-06-04 12:09:59,574 - scraper - INFO - 
==================================================
2025-06-04 12:09:59,574 - scraper - INFO - DEBUG: Comment 37
2025-06-04 12:09:59,575 - scraper - INFO - ==================================================
2025-06-04 12:09:59,575 - scraper - INFO - username: user1617710506527
2025-06-04 12:09:59,580 - scraper - INFO - date: 1d ago
2025-06-04 12:09:59,581 - scraper - INFO - likes: 0
2025-06-04 12:09:59,582 - scraper - INFO - ==================================================

2025-06-04 12:09:59,582 - scraper - INFO - Adding delay of 4.60 seconds
2025-06-04 12:10:04,346 - scraper - INFO - 
==================================================
2025-06-04 12:10:04,346 - scraper - INFO - DEBUG: Comment 38
2025-06-04 12:10:04,348 - scraper - INFO - ==================================================
2025-06-04 12:10:04,348 - scraper - INFO - username: Messi the goat
2025-06-04 12:10:04,352 - scraper - INFO - date: 22h ago
2025-06-04 12:10:04,352 - scraper - INFO - likes: 0
2025-06-04 12:10:04,353 - scraper - INFO - ==================================================

2025-06-04 12:10:04,353 - scraper - INFO - Adding delay of 2.10 seconds
2025-06-04 12:10:06,633 - scraper - INFO - 
==================================================
2025-06-04 12:10:06,635 - scraper - INFO - DEBUG: Comment 39
2025-06-04 12:10:06,635 - scraper - INFO - ==================================================
2025-06-04 12:10:06,645 - scraper - INFO - date: 13h ago
2025-06-04 12:10:06,646 - scraper - INFO - likes: 0
2025-06-04 12:10:06,646 - scraper - INFO - ==================================================

2025-06-04 12:10:06,646 - scraper - INFO - Adding delay of 3.71 seconds
2025-06-04 12:10:10,505 - scraper - INFO - 
==================================================
2025-06-04 12:10:10,505 - scraper - INFO - DEBUG: Comment 40
2025-06-04 12:10:10,505 - scraper - INFO - ==================================================
2025-06-04 12:10:10,509 - scraper - INFO - username: kelemu
2025-06-04 12:10:10,512 - scraper - INFO - date: 16h ago
2025-06-04 12:10:10,513 - scraper - INFO - likes: 0
2025-06-04 12:10:10,513 - scraper - INFO - ==================================================

2025-06-04 12:10:10,513 - scraper - INFO - Adding delay of 2.22 seconds
2025-06-04 12:10:12,881 - scraper - INFO - 
==================================================
2025-06-04 12:10:12,881 - scraper - INFO - DEBUG: Comment 41
2025-06-04 12:10:12,881 - scraper - INFO - ==================================================
2025-06-04 12:10:12,881 - scraper - INFO - username: gonderiew
2025-06-04 12:10:12,886 - scraper - INFO - date: 17h ago
2025-06-04 12:10:12,886 - scraper - INFO - likes: 0
2025-06-04 12:10:12,886 - scraper - INFO - ==================================================

2025-06-04 12:10:12,887 - scraper - INFO - Adding delay of 3.57 seconds
2025-06-04 12:10:16,670 - scraper - INFO - 
==================================================
2025-06-04 12:10:16,671 - scraper - INFO - DEBUG: Comment 42
2025-06-04 12:10:16,671 - scraper - INFO - ==================================================
2025-06-04 12:10:16,673 - scraper - INFO - username: user783316626178
2025-06-04 12:10:16,678 - scraper - INFO - date: 20h ago
2025-06-04 12:10:16,678 - scraper - INFO - likes: 0
2025-06-04 12:10:16,678 - scraper - INFO - ==================================================

2025-06-04 12:10:16,679 - scraper - INFO - Adding delay of 3.00 seconds
2025-06-04 12:10:19,838 - scraper - INFO - 
==================================================
2025-06-04 12:10:19,838 - scraper - INFO - DEBUG: Comment 43
2025-06-04 12:10:19,839 - scraper - INFO - ==================================================
2025-06-04 12:10:19,839 - scraper - INFO - username: GASHAW7299613253317
2025-06-04 12:10:19,843 - scraper - INFO - date: 21h ago
2025-06-04 12:10:19,845 - scraper - INFO - likes: 0
2025-06-04 12:10:19,845 - scraper - INFO - ==================================================

2025-06-04 12:10:19,845 - scraper - INFO - Adding delay of 3.20 seconds
2025-06-04 12:10:23,225 - scraper - INFO - 
==================================================
2025-06-04 12:10:23,226 - scraper - INFO - DEBUG: Comment 44
2025-06-04 12:10:23,226 - scraper - INFO - ==================================================
2025-06-04 12:10:23,226 - scraper - INFO - username: deksi
2025-06-04 12:10:23,232 - scraper - INFO - date: 21h ago
2025-06-04 12:10:23,234 - scraper - INFO - likes: 0
2025-06-04 12:10:23,234 - scraper - INFO - ==================================================

2025-06-04 12:10:23,234 - scraper - INFO - Adding delay of 2.24 seconds
2025-06-04 12:10:25,656 - scraper - INFO - 
==================================================
2025-06-04 12:10:25,656 - scraper - INFO - DEBUG: Comment 45
2025-06-04 12:10:25,659 - scraper - INFO - ==================================================
2025-06-04 12:10:25,670 - scraper - INFO - date: 21h ago
2025-06-04 12:10:25,670 - scraper - INFO - likes: 0
2025-06-04 12:10:25,671 - scraper - INFO - ==================================================

2025-06-04 12:10:25,672 - scraper - INFO - Adding delay of 2.02 seconds
2025-06-04 12:10:27,882 - scraper - INFO - 
==================================================
2025-06-04 12:10:27,882 - scraper - INFO - DEBUG: Comment 46
2025-06-04 12:10:27,882 - scraper - INFO - ==================================================
2025-06-04 12:10:27,894 - scraper - INFO - date: 23h ago
2025-06-04 12:10:27,894 - scraper - INFO - likes: 0
2025-06-04 12:10:27,895 - scraper - INFO - ==================================================

2025-06-04 12:10:27,895 - scraper - INFO - Adding delay of 2.55 seconds
2025-06-04 12:10:30,629 - scraper - INFO - 
==================================================
2025-06-04 12:10:30,629 - scraper - INFO - DEBUG: Comment 47
2025-06-04 12:10:30,629 - scraper - INFO - ==================================================
2025-06-04 12:10:30,629 - scraper - INFO - username: Temesgen Man
2025-06-04 12:10:30,644 - scraper - INFO - date: 1d ago
2025-06-04 12:10:30,644 - scraper - INFO - likes: 0
2025-06-04 12:10:30,645 - scraper - INFO - ==================================================

2025-06-04 12:10:30,645 - scraper - INFO - Adding delay of 3.11 seconds
2025-06-04 12:10:33,917 - scraper - INFO - 
==================================================
2025-06-04 12:10:33,917 - scraper - INFO - DEBUG: Comment 48
2025-06-04 12:10:33,917 - scraper - INFO - ==================================================
2025-06-04 12:10:33,941 - scraper - INFO - date: 1d ago
2025-06-04 12:10:33,942 - scraper - INFO - likes: 0
2025-06-04 12:10:33,942 - scraper - INFO - ==================================================

2025-06-04 12:10:33,943 - scraper - INFO - Adding delay of 2.69 seconds
2025-06-04 12:10:36,820 - scraper - INFO - 
==================================================
2025-06-04 12:10:36,821 - scraper - INFO - DEBUG: Comment 49
2025-06-04 12:10:36,821 - scraper - INFO - ==================================================
2025-06-04 12:10:36,823 - scraper - INFO - username: gondarew
2025-06-04 12:10:36,838 - scraper - INFO - date: 1d ago
2025-06-04 12:10:36,839 - scraper - INFO - likes: 0
2025-06-04 12:10:36,841 - scraper - INFO - ==================================================

2025-06-04 12:10:36,842 - scraper - INFO - Adding delay of 3.46 seconds
2025-06-04 12:10:40,474 - scraper - INFO - 
==================================================
2025-06-04 12:10:40,478 - scraper - INFO - DEBUG: Comment 50
2025-06-04 12:10:40,478 - scraper - INFO - ==================================================
2025-06-04 12:10:40,478 - scraper - INFO - username: kidana
2025-06-04 12:10:40,487 - scraper - INFO - date: 1d ago
2025-06-04 12:10:40,487 - scraper - INFO - likes: 0
2025-06-04 12:10:40,487 - scraper - INFO - ==================================================

2025-06-04 12:10:40,488 - scraper - INFO - Scraped 50 comments for video 3
2025-06-04 12:10:40,489 - scraper - INFO - 
==================================================
2025-06-04 12:10:40,489 - scraper - INFO - DEBUG: Video Data
2025-06-04 12:10:40,490 - scraper - INFO - ==================================================
2025-06-04 12:10:40,496 - scraper - INFO - video_url: https://www.tiktok.com/@gionmedia21/video/7511488126745939222
2025-06-04 12:10:40,496 - scraper - INFO - like: 3213
2025-06-04 12:10:40,497 - scraper - INFO - comment: 90
2025-06-04 12:10:40,497 - scraper - INFO - share: 482
2025-06-04 12:10:40,497 - scraper - INFO - date: 1d ago
2025-06-04 12:10:40,498 - scraper - INFO - username: @gionmedia21
2025-06-04 12:10:40,517 - scraper - INFO - ==================================================

2025-06-04 12:10:40,517 - scraper - INFO - Processing video 4/12: https://www.tiktok.com/@user8858220382768/video/7486727769854872838
2025-06-04 12:10:40,517 - scraper - INFO - Adding delay of 2.66 seconds
2025-06-04 12:11:40,061 - scraper - INFO - No popup/captcha detected
2025-06-04 12:11:40,183 - scraper - INFO - Attempting to scrape up to 50 comments...
2025-06-04 12:12:27,909 - scraper - INFO - 
==================================================
2025-06-04 12:12:27,909 - scraper - INFO - DEBUG: Comment 1
2025-06-04 12:12:27,909 - scraper - INFO - ==================================================
2025-06-04 12:12:27,919 - scraper - INFO - date: 
2025-06-04 12:12:27,920 - scraper - INFO - likes: 1
2025-06-04 12:12:27,920 - scraper - INFO - ==================================================

2025-06-04 12:12:27,921 - scraper - INFO - Adding delay of 3.34 seconds
2025-06-04 12:12:32,006 - scraper - INFO - 
==================================================
2025-06-04 12:12:32,006 - scraper - INFO - DEBUG: Comment 2
2025-06-04 12:12:32,006 - scraper - INFO - ==================================================
2025-06-04 12:12:32,008 - scraper - INFO - username: Fanual
2025-06-04 12:12:32,013 - scraper - INFO - date: 
2025-06-04 12:12:32,014 - scraper - INFO - likes: 2
2025-06-04 12:12:32,014 - scraper - INFO - ==================================================

2025-06-04 12:12:32,016 - scraper - INFO - Adding delay of 2.08 seconds
2025-06-04 12:12:34,747 - scraper - INFO - 
==================================================
2025-06-04 12:12:34,747 - scraper - INFO - DEBUG: Comment 3
2025-06-04 12:12:34,748 - scraper - INFO - ==================================================
2025-06-04 12:12:34,748 - scraper - INFO - username: gabizew arega
2025-06-04 12:12:34,752 - scraper - INFO - date: 
2025-06-04 12:12:34,752 - scraper - INFO - likes: 0
2025-06-04 12:12:34,753 - scraper - INFO - ==================================================

2025-06-04 12:12:34,753 - scraper - INFO - Adding delay of 3.09 seconds
2025-06-04 12:12:38,554 - scraper - INFO - 
==================================================
2025-06-04 12:12:38,554 - scraper - INFO - DEBUG: Comment 4
2025-06-04 12:12:38,554 - scraper - INFO - ==================================================
2025-06-04 12:12:38,568 - scraper - INFO - date: 
2025-06-04 12:12:38,568 - scraper - INFO - likes: 1
2025-06-04 12:12:38,568 - scraper - INFO - ==================================================

2025-06-04 12:12:38,569 - scraper - INFO - Adding delay of 4.34 seconds
2025-06-04 12:12:43,462 - scraper - INFO - 
==================================================
2025-06-04 12:12:43,462 - scraper - INFO - DEBUG: Comment 5
2025-06-04 12:12:43,462 - scraper - INFO - ==================================================
2025-06-04 12:12:43,463 - scraper - INFO - username: user26159684143588
2025-06-04 12:12:43,466 - scraper - INFO - date: 
2025-06-04 12:12:43,469 - scraper - INFO - likes: 1
2025-06-04 12:12:43,469 - scraper - INFO - ==================================================

2025-06-04 12:12:43,469 - scraper - INFO - Adding delay of 4.21 seconds
2025-06-04 12:12:48,232 - scraper - INFO - 
==================================================
2025-06-04 12:12:48,233 - scraper - INFO - DEBUG: Comment 6
2025-06-04 12:12:48,233 - scraper - INFO - ==================================================
2025-06-04 12:12:48,243 - scraper - INFO - date: 
2025-06-04 12:12:48,243 - scraper - INFO - likes: 1
2025-06-04 12:12:48,244 - scraper - INFO - ==================================================

2025-06-04 12:12:48,245 - scraper - INFO - Adding delay of 2.66 seconds
2025-06-04 12:12:51,623 - scraper - INFO - 
==================================================
2025-06-04 12:12:51,623 - scraper - INFO - DEBUG: Comment 7
2025-06-04 12:12:51,623 - scraper - INFO - ==================================================
2025-06-04 12:12:51,637 - scraper - INFO - date: 
2025-06-04 12:12:51,637 - scraper - INFO - likes: 1
2025-06-04 12:12:51,639 - scraper - INFO - ==================================================

2025-06-04 12:12:51,639 - scraper - INFO - Adding delay of 2.07 seconds
2025-06-04 12:12:54,415 - scraper - INFO - 
==================================================
2025-06-04 12:12:54,416 - scraper - INFO - DEBUG: Comment 8
2025-06-04 12:12:54,416 - scraper - INFO - ==================================================
2025-06-04 12:12:54,416 - scraper - INFO - username: yalelet wede
2025-06-04 12:12:54,423 - scraper - INFO - date: 
2025-06-04 12:12:54,423 - scraper - INFO - likes: 1
2025-06-04 12:12:54,424 - scraper - INFO - ==================================================

2025-06-04 12:12:54,424 - scraper - INFO - Adding delay of 3.66 seconds
2025-06-04 12:12:58,727 - scraper - INFO - 
==================================================
2025-06-04 12:12:58,727 - scraper - INFO - DEBUG: Comment 9
2025-06-04 12:12:58,729 - scraper - INFO - ==================================================
2025-06-04 12:12:58,729 - scraper - INFO - username: user51196355881420
2025-06-04 12:12:58,735 - scraper - INFO - date: 
2025-06-04 12:12:58,736 - scraper - INFO - likes: 0
2025-06-04 12:12:58,736 - scraper - INFO - ==================================================

2025-06-04 12:12:58,736 - scraper - INFO - Adding delay of 4.71 seconds
2025-06-04 12:13:04,238 - scraper - INFO - 
==================================================
2025-06-04 12:13:04,239 - scraper - INFO - DEBUG: Comment 10
2025-06-04 12:13:04,239 - scraper - INFO - ==================================================
2025-06-04 12:13:04,239 - scraper - INFO - username: YOHANiS
2025-06-04 12:13:04,244 - scraper - INFO - date: 
2025-06-04 12:13:04,245 - scraper - INFO - likes: 1
2025-06-04 12:13:04,245 - scraper - INFO - ==================================================

2025-06-04 12:13:04,246 - scraper - INFO - Adding delay of 2.74 seconds
2025-06-04 12:13:07,692 - scraper - INFO - 
==================================================
2025-06-04 12:13:07,693 - scraper - INFO - DEBUG: Comment 11
2025-06-04 12:13:07,694 - scraper - INFO - ==================================================
2025-06-04 12:13:07,705 - scraper - INFO - date: 
2025-06-04 12:13:07,705 - scraper - INFO - likes: 1
2025-06-04 12:13:07,706 - scraper - INFO - ==================================================

2025-06-04 12:13:07,707 - scraper - INFO - Adding delay of 3.13 seconds
2025-06-04 12:13:11,377 - scraper - INFO - 
==================================================
2025-06-04 12:13:11,377 - scraper - INFO - DEBUG: Comment 12
2025-06-04 12:13:11,377 - scraper - INFO - ==================================================
2025-06-04 12:13:11,377 - scraper - INFO - username: misganaw
2025-06-04 12:13:11,383 - scraper - INFO - date: 
2025-06-04 12:13:11,383 - scraper - INFO - likes: 1
2025-06-04 12:13:11,383 - scraper - INFO - ==================================================

2025-06-04 12:13:11,384 - scraper - INFO - Adding delay of 4.82 seconds
2025-06-04 12:13:16,802 - scraper - INFO - 
==================================================
2025-06-04 12:13:16,803 - scraper - INFO - DEBUG: Comment 13
2025-06-04 12:13:16,803 - scraper - INFO - ==================================================
2025-06-04 12:13:16,804 - scraper - INFO - username: Elshaday 28
2025-06-04 12:13:16,809 - scraper - INFO - date: 
2025-06-04 12:13:16,809 - scraper - INFO - likes: 1
2025-06-04 12:13:16,810 - scraper - INFO - ==================================================

2025-06-04 12:13:16,810 - scraper - INFO - Adding delay of 3.22 seconds
2025-06-04 12:13:20,550 - scraper - INFO - 
==================================================
2025-06-04 12:13:20,550 - scraper - INFO - DEBUG: Comment 14
2025-06-04 12:13:20,550 - scraper - INFO - ==================================================
2025-06-04 12:13:20,553 - scraper - INFO - username: makdas
2025-06-04 12:13:20,557 - scraper - INFO - date: 
2025-06-04 12:13:20,557 - scraper - INFO - likes: 1
2025-06-04 12:13:20,557 - scraper - INFO - ==================================================

2025-06-04 12:13:20,558 - scraper - INFO - Adding delay of 3.05 seconds
2025-06-04 12:13:24,210 - scraper - INFO - 
==================================================
2025-06-04 12:13:24,210 - scraper - INFO - DEBUG: Comment 15
2025-06-04 12:13:24,210 - scraper - INFO - ==================================================
2025-06-04 12:13:24,221 - scraper - INFO - date: 
2025-06-04 12:13:24,221 - scraper - INFO - likes: 1
2025-06-04 12:13:24,222 - scraper - INFO - ==================================================

2025-06-04 12:13:24,223 - scraper - INFO - Adding delay of 4.32 seconds
2025-06-04 12:13:29,134 - scraper - INFO - 
==================================================
2025-06-04 12:13:29,134 - scraper - INFO - DEBUG: Comment 16
2025-06-04 12:13:29,134 - scraper - INFO - ==================================================
2025-06-04 12:13:29,135 - scraper - INFO - username: Kalkidan Abebe
2025-06-04 12:13:29,141 - scraper - INFO - date: 
2025-06-04 12:13:29,141 - scraper - INFO - likes: 1
2025-06-04 12:13:29,141 - scraper - INFO - ==================================================

2025-06-04 12:13:29,142 - scraper - INFO - Adding delay of 2.15 seconds
2025-06-04 12:13:31,961 - scraper - INFO - 
==================================================
2025-06-04 12:13:31,965 - scraper - INFO - DEBUG: Comment 17
2025-06-04 12:13:31,965 - scraper - INFO - ==================================================
2025-06-04 12:13:31,965 - scraper - INFO - username: Nahom Mule
2025-06-04 12:13:31,970 - scraper - INFO - date: 
2025-06-04 12:13:31,972 - scraper - INFO - likes: 0
2025-06-04 12:13:31,972 - scraper - INFO - ==================================================

2025-06-04 12:13:31,972 - scraper - INFO - Adding delay of 2.16 seconds
2025-06-04 12:13:34,724 - scraper - INFO - 
==================================================
2025-06-04 12:13:34,724 - scraper - INFO - DEBUG: Comment 18
2025-06-04 12:13:34,726 - scraper - INFO - ==================================================
2025-06-04 12:13:34,726 - scraper - INFO - username: Yinegal Aykerim
2025-06-04 12:13:34,731 - scraper - INFO - date: 
2025-06-04 12:13:34,731 - scraper - INFO - likes: 0
2025-06-04 12:13:34,732 - scraper - INFO - ==================================================

2025-06-04 12:13:34,732 - scraper - INFO - Adding delay of 4.89 seconds
2025-06-04 12:13:40,239 - scraper - INFO - 
==================================================
2025-06-04 12:13:40,241 - scraper - INFO - DEBUG: Comment 19
2025-06-04 12:13:40,241 - scraper - INFO - ==================================================
2025-06-04 12:13:40,251 - scraper - INFO - date: 
2025-06-04 12:13:40,253 - scraper - INFO - likes: 0
2025-06-04 12:13:40,253 - scraper - INFO - ==================================================

2025-06-04 12:13:40,254 - scraper - INFO - Adding delay of 3.77 seconds
2025-06-04 12:13:44,568 - scraper - INFO - 
==================================================
2025-06-04 12:13:44,569 - scraper - INFO - DEBUG: Comment 20
2025-06-04 12:13:44,569 - scraper - INFO - ==================================================
2025-06-04 12:13:44,569 - scraper - INFO - username: Ashu
2025-06-04 12:13:44,570 - scraper - INFO - text: do thi again
2025-06-04 12:13:44,570 - scraper - INFO - date: 
2025-06-04 12:13:44,571 - scraper - INFO - likes: 0
2025-06-04 12:13:44,571 - scraper - INFO - ==================================================

2025-06-04 12:13:44,571 - scraper - INFO - Adding delay of 2.64 seconds
2025-06-04 12:13:47,784 - scraper - INFO - 
==================================================
2025-06-04 12:13:47,784 - scraper - INFO - DEBUG: Comment 21
2025-06-04 12:13:47,785 - scraper - INFO - ==================================================
2025-06-04 12:13:47,794 - scraper - INFO - date: 
2025-06-04 12:13:47,794 - scraper - INFO - likes: 1
2025-06-04 12:13:47,794 - scraper - INFO - ==================================================

2025-06-04 12:13:47,795 - scraper - INFO - Adding delay of 4.60 seconds
2025-06-04 12:13:52,970 - scraper - INFO - 
==================================================
2025-06-04 12:13:52,970 - scraper - INFO - DEBUG: Comment 22
2025-06-04 12:13:52,970 - scraper - INFO - ==================================================
2025-06-04 12:13:52,970 - scraper - INFO - username: Ale melaku
2025-06-04 12:13:52,975 - scraper - INFO - date: 
2025-06-04 12:13:52,975 - scraper - INFO - likes: 1
2025-06-04 12:13:52,976 - scraper - INFO - ==================================================

2025-06-04 12:13:52,976 - scraper - INFO - Adding delay of 2.38 seconds
2025-06-04 12:13:55,932 - scraper - INFO - 
==================================================
2025-06-04 12:13:55,932 - scraper - INFO - DEBUG: Comment 23
2025-06-04 12:13:55,932 - scraper - INFO - ==================================================
2025-06-04 12:13:55,943 - scraper - INFO - date: 
2025-06-04 12:13:55,944 - scraper - INFO - likes: 0
2025-06-04 12:13:55,944 - scraper - INFO - ==================================================

2025-06-04 12:13:55,945 - scraper - INFO - Adding delay of 4.96 seconds
2025-06-04 12:14:01,500 - scraper - INFO - 
==================================================
2025-06-04 12:14:01,500 - scraper - INFO - DEBUG: Comment 24
2025-06-04 12:14:01,500 - scraper - INFO - ==================================================
2025-06-04 12:14:01,502 - scraper - INFO - username: Abdii Dachaasaa Jabuu
2025-06-04 12:14:01,509 - scraper - INFO - date: 
2025-06-04 12:14:01,509 - scraper - INFO - likes: 1
2025-06-04 12:14:01,510 - scraper - INFO - ==================================================

2025-06-04 12:14:01,510 - scraper - INFO - Adding delay of 2.96 seconds
2025-06-04 12:14:05,030 - scraper - INFO - 
==================================================
2025-06-04 12:14:05,030 - scraper - INFO - DEBUG: Comment 25
2025-06-04 12:14:05,030 - scraper - INFO - ==================================================
2025-06-04 12:14:05,030 - scraper - INFO - username: getachew
2025-06-04 12:14:05,037 - scraper - INFO - date: 
2025-06-04 12:14:05,037 - scraper - INFO - likes: 1
2025-06-04 12:14:05,037 - scraper - INFO - ==================================================

2025-06-04 12:14:05,038 - scraper - INFO - Adding delay of 4.16 seconds
2025-06-04 12:14:09,748 - scraper - INFO - 
==================================================
2025-06-04 12:14:09,751 - scraper - INFO - DEBUG: Comment 26
2025-06-04 12:14:09,751 - scraper - INFO - ==================================================
2025-06-04 12:14:09,751 - scraper - INFO - username: Biruke fikir
2025-06-04 12:14:09,756 - scraper - INFO - date: 
2025-06-04 12:14:09,756 - scraper - INFO - likes: 1
2025-06-04 12:14:09,756 - scraper - INFO - ==================================================

2025-06-04 12:14:09,758 - scraper - INFO - Adding delay of 3.87 seconds
2025-06-04 12:14:14,236 - scraper - INFO - 
==================================================
2025-06-04 12:14:14,236 - scraper - INFO - DEBUG: Comment 27
2025-06-04 12:14:14,237 - scraper - INFO - ==================================================
2025-06-04 12:14:14,237 - scraper - INFO - username: tamrat Melese
2025-06-04 12:14:14,243 - scraper - INFO - date: 
2025-06-04 12:14:14,243 - scraper - INFO - likes: 1
2025-06-04 12:14:14,243 - scraper - INFO - ==================================================

2025-06-04 12:14:14,244 - scraper - INFO - Adding delay of 4.64 seconds
2025-06-04 12:14:19,512 - scraper - INFO - 
==================================================
2025-06-04 12:14:19,512 - scraper - INFO - DEBUG: Comment 28
2025-06-04 12:14:19,513 - scraper - INFO - ==================================================
2025-06-04 12:14:19,524 - scraper - INFO - date: 
2025-06-04 12:14:19,525 - scraper - INFO - likes: 1
2025-06-04 12:14:19,525 - scraper - INFO - ==================================================

2025-06-04 12:14:19,526 - scraper - INFO - Adding delay of 3.49 seconds
2025-06-04 12:14:23,532 - scraper - INFO - 
==================================================
2025-06-04 12:14:23,532 - scraper - INFO - DEBUG: Comment 29
2025-06-04 12:14:23,532 - scraper - INFO - ==================================================
2025-06-04 12:14:23,532 - scraper - INFO - username: Yashalew
2025-06-04 12:14:23,538 - scraper - INFO - date: 
2025-06-04 12:14:23,539 - scraper - INFO - likes: 1
2025-06-04 12:14:23,539 - scraper - INFO - ==================================================

2025-06-04 12:14:23,539 - scraper - INFO - Adding delay of 3.99 seconds
2025-06-04 12:14:28,053 - scraper - INFO - 
==================================================
2025-06-04 12:14:28,053 - scraper - INFO - DEBUG: Comment 30
2025-06-04 12:14:28,053 - scraper - INFO - ==================================================
2025-06-04 12:14:28,053 - scraper - INFO - username: user31096155126102
2025-06-04 12:14:28,059 - scraper - INFO - date: 
2025-06-04 12:14:28,059 - scraper - INFO - likes: 1
2025-06-04 12:14:28,059 - scraper - INFO - ==================================================

2025-06-04 12:14:28,060 - scraper - INFO - Adding delay of 3.73 seconds
2025-06-04 12:14:31,950 - scraper - INFO - 
==================================================
2025-06-04 12:14:31,950 - scraper - INFO - DEBUG: Comment 31
2025-06-04 12:14:31,951 - scraper - INFO - ==================================================
2025-06-04 12:14:31,951 - scraper - INFO - username: trhasgebru995
2025-06-04 12:14:31,954 - scraper - INFO - date: 5d ago
2025-06-04 12:14:31,954 - scraper - INFO - likes: 0
2025-06-04 12:14:31,957 - scraper - INFO - ==================================================

2025-06-04 12:14:31,957 - scraper - INFO - Adding delay of 2.07 seconds
2025-06-04 12:14:34,691 - scraper - INFO - 
==================================================
2025-06-04 12:14:34,693 - scraper - INFO - DEBUG: Comment 32
2025-06-04 12:14:34,693 - scraper - INFO - ==================================================
2025-06-04 12:14:34,694 - scraper - INFO - username: Bewket
2025-06-04 12:14:34,700 - scraper - INFO - date: 
2025-06-04 12:14:34,700 - scraper - INFO - likes: 0
2025-06-04 12:14:34,700 - scraper - INFO - ==================================================

2025-06-04 12:14:34,702 - scraper - INFO - Adding delay of 3.85 seconds
2025-06-04 12:14:39,123 - scraper - INFO - 
==================================================
2025-06-04 12:14:39,123 - scraper - INFO - DEBUG: Comment 33
2025-06-04 12:14:39,123 - scraper - INFO - ==================================================
2025-06-04 12:14:39,123 - scraper - INFO - username: Ababa Balyhune
2025-06-04 12:14:39,141 - scraper - INFO - date: 
2025-06-04 12:14:39,141 - scraper - INFO - likes: 0
2025-06-04 12:14:39,142 - scraper - INFO - ==================================================

2025-06-04 12:14:39,142 - scraper - INFO - Adding delay of 3.04 seconds
2025-06-04 12:14:42,702 - scraper - INFO - 
==================================================
2025-06-04 12:14:42,702 - scraper - INFO - DEBUG: Comment 34
2025-06-04 12:14:42,702 - scraper - INFO - ==================================================
2025-06-04 12:14:42,703 - scraper - INFO - username: Fkade Damenaw
2025-06-04 12:14:42,708 - scraper - INFO - date: 
2025-06-04 12:14:42,708 - scraper - INFO - likes: 0
2025-06-04 12:14:42,708 - scraper - INFO - ==================================================

2025-06-04 12:14:42,708 - scraper - INFO - Adding delay of 4.92 seconds
2025-06-04 12:14:48,343 - scraper - INFO - 
==================================================
2025-06-04 12:14:48,343 - scraper - INFO - DEBUG: Comment 35
2025-06-04 12:14:48,343 - scraper - INFO - ==================================================
2025-06-04 12:14:48,343 - scraper - INFO - username: meleke
2025-06-04 12:14:48,350 - scraper - INFO - date: 
2025-06-04 12:14:48,350 - scraper - INFO - likes: 0
2025-06-04 12:14:48,350 - scraper - INFO - ==================================================

2025-06-04 12:14:48,350 - scraper - INFO - Adding delay of 2.09 seconds
2025-06-04 12:14:51,066 - scraper - INFO - 
==================================================
2025-06-04 12:14:51,066 - scraper - INFO - DEBUG: Comment 36
2025-06-04 12:14:51,068 - scraper - INFO - ==================================================
2025-06-04 12:14:51,068 - scraper - INFO - username: user630968
2025-06-04 12:14:51,073 - scraper - INFO - date: 
2025-06-04 12:14:51,073 - scraper - INFO - likes: 0
2025-06-04 12:14:51,073 - scraper - INFO - ==================================================

2025-06-04 12:14:51,074 - scraper - INFO - Adding delay of 4.32 seconds
2025-06-04 12:14:55,935 - scraper - INFO - 
==================================================
2025-06-04 12:14:55,935 - scraper - INFO - DEBUG: Comment 37
2025-06-04 12:14:55,937 - scraper - INFO - ==================================================
2025-06-04 12:14:55,937 - scraper - INFO - username: sadam adam
2025-06-04 12:14:55,942 - scraper - INFO - date: 
2025-06-04 12:14:55,942 - scraper - INFO - likes: 0
2025-06-04 12:14:55,942 - scraper - INFO - ==================================================

2025-06-04 12:14:55,943 - scraper - INFO - Adding delay of 2.74 seconds
2025-06-04 12:14:59,254 - scraper - INFO - 
==================================================
2025-06-04 12:14:59,254 - scraper - INFO - DEBUG: Comment 38
2025-06-04 12:14:59,255 - scraper - INFO - ==================================================
2025-06-04 12:14:59,266 - scraper - INFO - date: 
2025-06-04 12:14:59,267 - scraper - INFO - likes: 0
2025-06-04 12:14:59,268 - scraper - INFO - ==================================================

2025-06-04 12:14:59,269 - scraper - INFO - Adding delay of 4.45 seconds
2025-06-04 12:15:04,281 - scraper - INFO - 
==================================================
2025-06-04 12:15:04,281 - scraper - INFO - DEBUG: Comment 39
2025-06-04 12:15:04,282 - scraper - INFO - ==================================================
2025-06-04 12:15:04,282 - scraper - INFO - username: maxamed
2025-06-04 12:15:04,288 - scraper - INFO - date: 
2025-06-04 12:15:04,288 - scraper - INFO - likes: 0
2025-06-04 12:15:04,289 - scraper - INFO - ==================================================

2025-06-04 12:15:04,290 - scraper - INFO - Adding delay of 4.78 seconds
2025-06-04 12:15:09,624 - scraper - INFO - 
==================================================
2025-06-04 12:15:09,624 - scraper - INFO - DEBUG: Comment 40
2025-06-04 12:15:09,624 - scraper - INFO - ==================================================
2025-06-04 12:15:09,624 - scraper - INFO - username: nagenyii badhadha
2025-06-04 12:15:09,629 - scraper - INFO - date: 
2025-06-04 12:15:09,630 - scraper - INFO - likes: 0
2025-06-04 12:15:09,630 - scraper - INFO - ==================================================

2025-06-04 12:15:09,631 - scraper - INFO - Adding delay of 2.37 seconds
2025-06-04 12:15:12,542 - scraper - INFO - 
==================================================
2025-06-04 12:15:12,542 - scraper - INFO - DEBUG: Comment 41
2025-06-04 12:15:12,544 - scraper - INFO - ==================================================
2025-06-04 12:15:12,544 - scraper - INFO - username: T As
2025-06-04 12:15:12,547 - scraper - INFO - date: 
2025-06-04 12:15:12,549 - scraper - INFO - likes: 0
2025-06-04 12:15:12,549 - scraper - INFO - ==================================================

2025-06-04 12:15:12,549 - scraper - INFO - Adding delay of 2.42 seconds
2025-06-04 12:15:15,581 - scraper - INFO - 
==================================================
2025-06-04 12:15:15,581 - scraper - INFO - DEBUG: Comment 42
2025-06-04 12:15:15,581 - scraper - INFO - ==================================================
2025-06-04 12:15:15,592 - scraper - INFO - date: 
2025-06-04 12:15:15,592 - scraper - INFO - likes: 0
2025-06-04 12:15:15,592 - scraper - INFO - ==================================================

2025-06-04 12:15:15,593 - scraper - INFO - Adding delay of 2.05 seconds
2025-06-04 12:15:18,264 - scraper - INFO - 
==================================================
2025-06-04 12:15:18,265 - scraper - INFO - DEBUG: Comment 43
2025-06-04 12:15:18,265 - scraper - INFO - ==================================================
2025-06-04 12:15:18,277 - scraper - INFO - date: 
2025-06-04 12:15:18,278 - scraper - INFO - likes: 0
2025-06-04 12:15:18,278 - scraper - INFO - ==================================================

2025-06-04 12:15:18,278 - scraper - INFO - Adding delay of 3.96 seconds
2025-06-04 12:15:22,879 - scraper - INFO - 
==================================================
2025-06-04 12:15:22,879 - scraper - INFO - DEBUG: Comment 44
2025-06-04 12:15:22,879 - scraper - INFO - ==================================================
2025-06-04 12:15:22,880 - scraper - INFO - username: bilen tulu
2025-06-04 12:15:22,885 - scraper - INFO - date: 
2025-06-04 12:15:22,886 - scraper - INFO - likes: 0
2025-06-04 12:15:22,886 - scraper - INFO - ==================================================

2025-06-04 12:15:22,887 - scraper - INFO - Adding delay of 2.25 seconds
2025-06-04 12:15:25,659 - scraper - INFO - 
==================================================
2025-06-04 12:15:25,659 - scraper - INFO - DEBUG: Comment 45
2025-06-04 12:15:25,659 - scraper - INFO - ==================================================
2025-06-04 12:15:25,668 - scraper - INFO - date: 
2025-06-04 12:15:25,668 - scraper - INFO - likes: 0
2025-06-04 12:15:25,668 - scraper - INFO - ==================================================

2025-06-04 12:15:25,670 - scraper - INFO - Adding delay of 3.47 seconds
2025-06-04 12:15:29,766 - scraper - INFO - 
==================================================
2025-06-04 12:15:29,767 - scraper - INFO - DEBUG: Comment 46
2025-06-04 12:15:29,767 - scraper - INFO - ==================================================
2025-06-04 12:15:29,767 - scraper - INFO - username: aboshe
2025-06-04 12:15:29,779 - scraper - INFO - date: 
2025-06-04 12:15:29,781 - scraper - INFO - likes: 1
2025-06-04 12:15:29,784 - scraper - INFO - ==================================================

2025-06-04 12:15:29,786 - scraper - INFO - Adding delay of 3.84 seconds
2025-06-04 12:15:34,213 - scraper - INFO - 
==================================================
2025-06-04 12:15:34,213 - scraper - INFO - DEBUG: Comment 47
2025-06-04 12:15:34,213 - scraper - INFO - ==================================================
2025-06-04 12:15:34,215 - scraper - INFO - username: papi_2728
2025-06-04 12:15:34,215 - scraper - INFO - text: markos amognen yaye manew
2025-06-04 12:15:34,215 - scraper - INFO - date: 
2025-06-04 12:15:34,215 - scraper - INFO - likes: 0
2025-06-04 12:15:34,217 - scraper - INFO - ==================================================

2025-06-04 12:15:34,217 - scraper - INFO - Scraped 47 comments for video 4
2025-06-04 12:15:34,217 - scraper - INFO - 
==================================================
2025-06-04 12:15:34,219 - scraper - INFO - DEBUG: Video Data
2025-06-04 12:15:34,219 - scraper - INFO - ==================================================
2025-06-04 12:15:34,225 - scraper - INFO - video_url: https://www.tiktok.com/@user8858220382768/video/7486727769854872838
2025-06-04 12:15:34,225 - scraper - INFO - like: 2661
2025-06-04 12:15:34,226 - scraper - INFO - comment: 81
2025-06-04 12:15:34,226 - scraper - INFO - share: 295
2025-06-04 12:15:34,227 - scraper - INFO - date: 3-28
2025-06-04 12:15:34,227 - scraper - INFO - username: @user8858220382768
2025-06-04 12:15:34,245 - scraper - INFO - ==================================================

2025-06-04 12:15:34,246 - scraper - INFO - Processing video 5/12: https://www.tiktok.com/@yalew_adugna/video/7503195298039221510
2025-06-04 12:15:34,246 - scraper - INFO - Adding delay of 3.73 seconds
2025-06-04 12:16:26,816 - scraper - INFO - No popup/captcha detected
2025-06-04 12:16:26,931 - scraper - INFO - Attempting to scrape up to 50 comments...
2025-06-04 12:17:02,791 - scraper - INFO - 
==================================================
2025-06-04 12:17:02,792 - scraper - INFO - DEBUG: Comment 1
2025-06-04 12:17:02,793 - scraper - INFO - ==================================================
2025-06-04 12:17:02,815 - scraper - INFO - date: 
2025-06-04 12:17:02,816 - scraper - INFO - likes: 11
2025-06-04 12:17:02,817 - scraper - INFO - ==================================================

2025-06-04 12:17:02,819 - scraper - INFO - Adding delay of 3.12 seconds
2025-06-04 12:17:06,650 - scraper - INFO - 
==================================================
2025-06-04 12:17:06,650 - scraper - INFO - DEBUG: Comment 2
2025-06-04 12:17:06,650 - scraper - INFO - ==================================================
2025-06-04 12:17:06,650 - scraper - INFO - username: Be loyal
2025-06-04 12:17:06,658 - scraper - INFO - date: 
2025-06-04 12:17:06,658 - scraper - INFO - likes: 6
2025-06-04 12:17:06,659 - scraper - INFO - ==================================================

2025-06-04 12:17:06,659 - scraper - INFO - Adding delay of 4.10 seconds
2025-06-04 12:17:10,933 - scraper - INFO - 
==================================================
2025-06-04 12:17:10,935 - scraper - INFO - DEBUG: Comment 3
2025-06-04 12:17:10,935 - scraper - INFO - ==================================================
2025-06-04 12:17:10,945 - scraper - INFO - date: 12h ago
2025-06-04 12:17:10,946 - scraper - INFO - likes: 0
2025-06-04 12:17:10,946 - scraper - INFO - ==================================================

2025-06-04 12:17:10,947 - scraper - INFO - Adding delay of 2.20 seconds
2025-06-04 12:17:13,785 - scraper - INFO - 
==================================================
2025-06-04 12:17:13,785 - scraper - INFO - DEBUG: Comment 4
2025-06-04 12:17:13,787 - scraper - INFO - ==================================================
2025-06-04 12:17:13,787 - scraper - INFO - username: Bruk
2025-06-04 12:17:13,792 - scraper - INFO - date: 
2025-06-04 12:17:13,792 - scraper - INFO - likes: 61
2025-06-04 12:17:13,792 - scraper - INFO - ==================================================

2025-06-04 12:17:13,794 - scraper - INFO - Adding delay of 4.06 seconds
2025-06-04 12:17:18,624 - scraper - INFO - 
==================================================
2025-06-04 12:17:18,624 - scraper - INFO - DEBUG: Comment 5
2025-06-04 12:17:18,624 - scraper - INFO - ==================================================
2025-06-04 12:17:18,637 - scraper - INFO - date: 
2025-06-04 12:17:18,638 - scraper - INFO - likes: 3
2025-06-04 12:17:18,638 - scraper - INFO - ==================================================

2025-06-04 12:17:18,639 - scraper - INFO - Adding delay of 2.54 seconds
2025-06-04 12:17:22,604 - scraper - INFO - 
==================================================
2025-06-04 12:17:22,604 - scraper - INFO - DEBUG: Comment 6
2025-06-04 12:17:22,606 - scraper - INFO - ==================================================
2025-06-04 12:17:22,617 - scraper - INFO - date: 
2025-06-04 12:17:22,617 - scraper - INFO - likes: 48
2025-06-04 12:17:22,618 - scraper - INFO - ==================================================

2025-06-04 12:17:22,618 - scraper - INFO - Adding delay of 4.71 seconds
2025-06-04 12:17:28,148 - scraper - INFO - 
==================================================
2025-06-04 12:17:28,149 - scraper - INFO - DEBUG: Comment 7
2025-06-04 12:17:28,149 - scraper - INFO - ==================================================
2025-06-04 12:17:28,185 - scraper - INFO - date: 
2025-06-04 12:17:28,187 - scraper - INFO - likes: 35
2025-06-04 12:17:28,188 - scraper - INFO - ==================================================

2025-06-04 12:17:28,188 - scraper - INFO - Adding delay of 2.46 seconds
2025-06-04 12:17:31,709 - scraper - INFO - 
==================================================
2025-06-04 12:17:31,710 - scraper - INFO - DEBUG: Comment 8
2025-06-04 12:17:31,710 - scraper - INFO - ==================================================
2025-06-04 12:17:31,729 - scraper - INFO - date: 
2025-06-04 12:17:31,730 - scraper - INFO - likes: 4
2025-06-04 12:17:31,733 - scraper - INFO - ==================================================

2025-06-04 12:17:31,734 - scraper - INFO - Adding delay of 3.50 seconds
2025-06-04 12:17:35,493 - scraper - INFO - 
==================================================
2025-06-04 12:17:35,493 - scraper - INFO - DEBUG: Comment 9
2025-06-04 12:17:35,493 - scraper - INFO - ==================================================
2025-06-04 12:17:35,508 - scraper - INFO - username: yeba2121
2025-06-04 12:17:35,516 - scraper - INFO - date: 5d ago
2025-06-04 12:17:35,517 - scraper - INFO - likes: 0
2025-06-04 12:17:35,517 - scraper - INFO - ==================================================

2025-06-04 12:17:35,518 - scraper - INFO - Adding delay of 3.08 seconds
2025-06-04 12:17:39,073 - scraper - INFO - 
==================================================
2025-06-04 12:17:39,073 - scraper - INFO - DEBUG: Comment 10
2025-06-04 12:17:39,073 - scraper - INFO - ==================================================
2025-06-04 12:17:39,082 - scraper - INFO - date: 
2025-06-04 12:17:39,082 - scraper - INFO - likes: 4
2025-06-04 12:17:39,083 - scraper - INFO - ==================================================

2025-06-04 12:17:39,083 - scraper - INFO - Adding delay of 2.11 seconds
2025-06-04 13:56:40,713 - scraper - INFO - 
==================================================
2025-06-04 13:56:40,743 - scraper - INFO - DEBUG: Comment 11
2025-06-04 13:56:40,851 - scraper - INFO - ==================================================
2025-06-04 13:56:40,851 - scraper - INFO - username: Aminadab Moges
2025-06-04 13:56:41,686 - scraper - INFO - date: 
2025-06-04 13:56:41,736 - scraper - INFO - likes: 3
2025-06-04 13:56:41,794 - scraper - INFO - ==================================================

2025-06-04 13:56:43,267 - scraper - INFO - 
==================================================
2025-06-04 13:56:43,267 - scraper - INFO - DEBUG: Comment 12
2025-06-04 13:56:43,267 - scraper - INFO - ==================================================
2025-06-04 13:56:43,267 - scraper - INFO - username: usermasreshaw
2025-06-04 13:56:43,284 - scraper - INFO - date: 
2025-06-04 13:56:43,284 - scraper - INFO - likes: 3
2025-06-04 13:56:43,284 - scraper - INFO - ==================================================

2025-06-04 13:56:43,284 - scraper - INFO - Adding delay of 2.72 seconds
2025-06-04 13:56:51,916 - scraper - INFO - 
==================================================
2025-06-04 13:56:51,922 - scraper - INFO - DEBUG: Comment 13
2025-06-04 13:56:51,922 - scraper - INFO - ==================================================
2025-06-04 13:56:51,927 - scraper - INFO - date: 
2025-06-04 13:56:51,927 - scraper - INFO - likes: 2
2025-06-04 13:56:51,927 - scraper - INFO - ==================================================

2025-06-04 13:56:55,079 - scraper - INFO - 
==================================================
2025-06-04 13:56:55,083 - scraper - INFO - DEBUG: Comment 14
2025-06-04 13:56:55,084 - scraper - INFO - ==================================================
2025-06-04 13:56:55,096 - scraper - INFO - date: 
2025-06-04 13:56:55,096 - scraper - INFO - likes: 2
2025-06-04 13:56:55,096 - scraper - INFO - ==================================================

2025-06-04 13:56:56,778 - scraper - INFO - 
==================================================
2025-06-04 13:56:56,778 - scraper - INFO - DEBUG: Comment 15
2025-06-04 13:56:56,778 - scraper - INFO - ==================================================
2025-06-04 13:56:56,778 - scraper - INFO - username: one love
2025-06-04 13:56:56,778 - scraper - INFO - date: 
2025-06-04 13:56:56,778 - scraper - INFO - likes: 1
2025-06-04 13:56:56,778 - scraper - INFO - ==================================================

2025-06-04 13:56:56,778 - scraper - INFO - Adding delay of 4.96 seconds
2025-06-04 13:57:02,759 - scraper - INFO - 
==================================================
2025-06-04 13:57:02,762 - scraper - INFO - DEBUG: Comment 16
2025-06-04 13:57:02,762 - scraper - INFO - ==================================================
2025-06-04 13:57:02,762 - scraper - INFO - username: hulu alem mola
2025-06-04 13:57:02,769 - scraper - INFO - date: 
2025-06-04 13:57:02,769 - scraper - INFO - likes: 3
2025-06-04 13:57:02,770 - scraper - INFO - ==================================================

2025-06-04 13:57:02,771 - scraper - INFO - Adding delay of 4.13 seconds
2025-06-04 13:57:08,016 - scraper - INFO - 
==================================================
2025-06-04 13:57:08,017 - scraper - INFO - DEBUG: Comment 17
2025-06-04 13:57:08,018 - scraper - INFO - ==================================================
2025-06-04 13:57:08,029 - scraper - INFO - date: 
2025-06-04 13:57:08,029 - scraper - INFO - likes: 1
2025-06-04 13:57:08,031 - scraper - INFO - ==================================================

2025-06-04 13:57:08,032 - scraper - INFO - Adding delay of 2.36 seconds
2025-06-04 13:57:11,320 - scraper - INFO - 
==================================================
2025-06-04 13:57:11,320 - scraper - INFO - DEBUG: Comment 18
2025-06-04 13:57:11,320 - scraper - INFO - ==================================================
2025-06-04 13:57:11,320 - scraper - INFO - username: knwe
2025-06-04 13:57:11,345 - scraper - INFO - date: 
2025-06-04 13:57:11,345 - scraper - INFO - likes: 2
2025-06-04 13:57:11,345 - scraper - INFO - ==================================================

2025-06-04 13:57:11,346 - scraper - INFO - Adding delay of 4.70 seconds
2025-06-04 13:57:16,996 - scraper - INFO - 
==================================================
2025-06-04 13:57:16,997 - scraper - INFO - DEBUG: Comment 19
2025-06-04 13:57:16,997 - scraper - INFO - ==================================================
2025-06-04 13:57:16,997 - scraper - INFO - username: Be Kind
2025-06-04 13:57:17,004 - scraper - INFO - date: 
2025-06-04 13:57:17,005 - scraper - INFO - likes: 3
2025-06-04 13:57:17,005 - scraper - INFO - ==================================================

2025-06-04 13:57:17,006 - scraper - INFO - Adding delay of 2.13 seconds
2025-06-04 13:57:19,880 - scraper - INFO - 
==================================================
2025-06-04 13:57:19,880 - scraper - INFO - DEBUG: Comment 20
2025-06-04 13:57:19,880 - scraper - INFO - ==================================================
2025-06-04 13:57:19,882 - scraper - INFO - username: bera
2025-06-04 13:57:19,884 - scraper - INFO - date: 
2025-06-04 13:57:19,884 - scraper - INFO - likes: 2
2025-06-04 13:57:19,884 - scraper - INFO - ==================================================

2025-06-04 13:57:19,884 - scraper - INFO - Adding delay of 2.63 seconds
2025-06-04 13:57:23,559 - scraper - INFO - 
==================================================
2025-06-04 13:57:23,560 - scraper - INFO - DEBUG: Comment 21
2025-06-04 13:57:23,560 - scraper - INFO - ==================================================
2025-06-04 13:57:23,560 - scraper - INFO - date: 
2025-06-04 13:57:23,560 - scraper - INFO - likes: 1
2025-06-04 13:57:23,560 - scraper - INFO - ==================================================

2025-06-04 13:57:23,560 - scraper - INFO - Adding delay of 2.08 seconds
2025-06-04 13:57:26,539 - scraper - INFO - 
==================================================
2025-06-04 13:57:26,539 - scraper - INFO - DEBUG: Comment 22
2025-06-04 13:57:26,539 - scraper - INFO - ==================================================
2025-06-04 13:57:26,560 - scraper - INFO - date: 
2025-06-04 13:57:26,560 - scraper - INFO - likes: 1
2025-06-04 13:57:26,560 - scraper - INFO - ==================================================

2025-06-04 13:57:26,560 - scraper - INFO - Adding delay of 4.68 seconds
2025-06-04 13:57:31,956 - scraper - INFO - 
==================================================
2025-06-04 13:57:31,972 - scraper - INFO - DEBUG: Comment 23
2025-06-04 13:57:31,972 - scraper - INFO - ==================================================
2025-06-04 13:57:31,987 - scraper - INFO - date: 
2025-06-04 13:57:31,987 - scraper - INFO - likes: 1
2025-06-04 13:57:31,987 - scraper - INFO - ==================================================

2025-06-04 13:57:31,989 - scraper - INFO - Adding delay of 2.96 seconds
2025-06-04 13:57:35,144 - scraper - INFO - 
==================================================
2025-06-04 13:57:35,144 - scraper - INFO - DEBUG: Comment 24
2025-06-04 13:57:35,144 - scraper - INFO - ==================================================
2025-06-04 13:57:35,144 - scraper - INFO - username: emu yabatualij
2025-06-04 13:57:35,153 - scraper - INFO - date: 4d ago
2025-06-04 13:57:35,153 - scraper - INFO - likes: 0
2025-06-04 13:57:35,154 - scraper - INFO - ==================================================

2025-06-04 13:57:35,154 - scraper - INFO - Adding delay of 4.80 seconds
2025-06-04 13:57:40,133 - scraper - INFO - 
==================================================
2025-06-04 13:57:40,133 - scraper - INFO - DEBUG: Comment 25
2025-06-04 13:57:40,133 - scraper - INFO - ==================================================
2025-06-04 13:57:40,133 - scraper - INFO - username: edriso
2025-06-04 13:57:40,145 - scraper - INFO - date: 5d ago
2025-06-04 13:57:40,145 - scraper - INFO - likes: 0
2025-06-04 13:57:40,146 - scraper - INFO - ==================================================

2025-06-04 13:57:40,147 - scraper - INFO - Adding delay of 4.56 seconds
2025-06-04 13:57:44,845 - scraper - INFO - 
==================================================
2025-06-04 13:57:44,845 - scraper - INFO - DEBUG: Comment 26
2025-06-04 13:57:44,845 - scraper - INFO - ==================================================
2025-06-04 13:57:44,845 - scraper - INFO - username: muler muler
2025-06-04 13:57:44,845 - scraper - INFO - date: 4d ago
2025-06-04 13:57:44,845 - scraper - INFO - likes: 0
2025-06-04 13:57:44,845 - scraper - INFO - ==================================================

2025-06-04 13:57:44,845 - scraper - INFO - Adding delay of 3.65 seconds
2025-06-04 13:57:49,150 - scraper - INFO - 
==================================================
2025-06-04 13:57:49,150 - scraper - INFO - DEBUG: Comment 27
2025-06-04 13:57:49,150 - scraper - INFO - ==================================================
2025-06-04 13:57:49,150 - scraper - INFO - username: user5900097308925Roba Robson
2025-06-04 13:57:49,150 - scraper - INFO - date: 
2025-06-04 13:57:49,150 - scraper - INFO - likes: 0
2025-06-04 13:57:49,150 - scraper - INFO - ==================================================

2025-06-04 13:57:49,161 - scraper - INFO - Adding delay of 2.78 seconds
2025-06-04 13:57:52,110 - scraper - INFO - 
==================================================
2025-06-04 13:57:52,110 - scraper - INFO - DEBUG: Comment 28
2025-06-04 13:57:52,110 - scraper - INFO - ==================================================
2025-06-04 13:57:52,110 - scraper - INFO - username: polad
2025-06-04 13:57:52,117 - scraper - INFO - date: 1w ago
2025-06-04 13:57:52,117 - scraper - INFO - likes: 0
2025-06-04 13:57:52,118 - scraper - INFO - ==================================================

2025-06-04 13:57:52,118 - scraper - INFO - Adding delay of 2.24 seconds
2025-06-04 13:57:54,934 - scraper - INFO - 
==================================================
2025-06-04 13:57:54,934 - scraper - INFO - DEBUG: Comment 29
2025-06-04 13:57:54,934 - scraper - INFO - ==================================================
2025-06-04 13:57:54,934 - scraper - INFO - username: Jeri Alebachewu
2025-06-04 13:57:54,934 - scraper - INFO - date: 
2025-06-04 13:57:54,934 - scraper - INFO - likes: 0
2025-06-04 13:57:54,934 - scraper - INFO - ==================================================

2025-06-04 13:57:54,934 - scraper - INFO - Adding delay of 2.73 seconds
2025-06-04 13:57:58,375 - scraper - INFO - 
==================================================
2025-06-04 13:57:58,375 - scraper - INFO - DEBUG: Comment 30
2025-06-04 13:57:58,375 - scraper - INFO - ==================================================
2025-06-04 13:57:58,386 - scraper - INFO - date: 
2025-06-04 13:57:58,387 - scraper - INFO - likes: 0
2025-06-04 13:57:58,387 - scraper - INFO - ==================================================

2025-06-04 13:57:58,388 - scraper - INFO - Adding delay of 3.23 seconds
2025-06-04 13:58:02,171 - scraper - INFO - 
==================================================
2025-06-04 13:58:02,171 - scraper - INFO - DEBUG: Comment 31
2025-06-04 13:58:02,171 - scraper - INFO - ==================================================
2025-06-04 13:58:02,171 - scraper - INFO - username: Gatachwu Amsalu
2025-06-04 13:58:02,171 - scraper - INFO - date: 
2025-06-04 13:58:02,171 - scraper - INFO - likes: 0
2025-06-04 13:58:02,184 - scraper - INFO - ==================================================

2025-06-04 13:58:02,184 - scraper - INFO - Adding delay of 4.96 seconds
2025-06-04 13:58:08,007 - scraper - INFO - 
==================================================
2025-06-04 13:58:08,007 - scraper - INFO - DEBUG: Comment 32
2025-06-04 13:58:08,011 - scraper - INFO - ==================================================
2025-06-04 13:58:08,013 - scraper - INFO - username: Hbetey marye
2025-06-04 13:58:08,376 - scraper - INFO - date: 
2025-06-04 13:58:08,379 - scraper - INFO - likes: 0
2025-06-04 13:58:08,379 - scraper - INFO - ==================================================

2025-06-04 13:58:08,406 - scraper - INFO - Adding delay of 3.22 seconds
2025-06-04 13:58:12,468 - scraper - INFO - 
==================================================
2025-06-04 13:58:12,470 - scraper - INFO - DEBUG: Comment 33
2025-06-04 13:58:12,481 - scraper - INFO - ==================================================
2025-06-04 13:58:12,486 - scraper - INFO - username: @baweke guadie
2025-06-04 13:58:12,511 - scraper - INFO - date: 
2025-06-04 13:58:12,512 - scraper - INFO - likes: 0
2025-06-04 13:58:12,514 - scraper - INFO - ==================================================

2025-06-04 13:58:12,517 - scraper - INFO - Adding delay of 2.69 seconds
2025-06-04 13:58:16,122 - scraper - INFO - 
==================================================
2025-06-04 13:58:16,123 - scraper - INFO - DEBUG: Comment 34
2025-06-04 13:58:16,123 - scraper - INFO - ==================================================
2025-06-04 13:58:16,128 - scraper - INFO - text: yet wash new enda
2025-06-04 13:58:16,128 - scraper - INFO - date: 
2025-06-04 13:58:16,128 - scraper - INFO - likes: 0
2025-06-04 13:58:16,128 - scraper - INFO - ==================================================

2025-06-04 13:58:16,128 - scraper - INFO - Adding delay of 4.09 seconds
2025-06-04 13:58:21,244 - scraper - INFO - 
==================================================
2025-06-04 13:58:21,244 - scraper - INFO - DEBUG: Comment 35
2025-06-04 13:58:21,245 - scraper - INFO - ==================================================
2025-06-04 13:58:21,245 - scraper - INFO - username: No name
2025-06-04 13:58:21,250 - scraper - INFO - date: 
2025-06-04 13:58:21,250 - scraper - INFO - likes: 0
2025-06-04 13:58:21,250 - scraper - INFO - ==================================================

2025-06-04 13:58:21,253 - scraper - INFO - Adding delay of 2.62 seconds
2025-06-04 13:58:24,564 - scraper - INFO - 
==================================================
2025-06-04 13:58:24,565 - scraper - INFO - DEBUG: Comment 36
2025-06-04 13:58:24,565 - scraper - INFO - ==================================================
2025-06-04 13:58:24,573 - scraper - INFO - date: 
2025-06-04 13:58:24,573 - scraper - INFO - likes: 0
2025-06-04 13:58:24,573 - scraper - INFO - ==================================================

2025-06-04 13:58:24,573 - scraper - INFO - Adding delay of 2.92 seconds
2025-06-04 13:58:28,165 - scraper - INFO - 
==================================================
2025-06-04 13:58:28,165 - scraper - INFO - DEBUG: Comment 37
2025-06-04 13:58:28,165 - scraper - INFO - ==================================================
2025-06-04 13:58:28,165 - scraper - INFO - username: misganaw
2025-06-04 13:58:28,165 - scraper - INFO - text: betam new emwedchehu
2025-06-04 13:58:28,165 - scraper - INFO - date: 
2025-06-04 13:58:28,165 - scraper - INFO - likes: 0
2025-06-04 13:58:28,165 - scraper - INFO - ==================================================

2025-06-04 13:58:28,165 - scraper - INFO - Adding delay of 2.55 seconds
2025-06-04 13:58:31,357 - scraper - INFO - 
==================================================
2025-06-04 13:58:31,357 - scraper - INFO - DEBUG: Comment 38
2025-06-04 13:58:31,357 - scraper - INFO - ==================================================
2025-06-04 13:58:31,359 - scraper - INFO - username: Abu
2025-06-04 13:58:31,364 - scraper - INFO - date: 
2025-06-04 13:58:31,364 - scraper - INFO - likes: 0
2025-06-04 13:58:31,364 - scraper - INFO - ==================================================

2025-06-04 13:58:31,364 - scraper - INFO - Adding delay of 4.13 seconds
2025-06-04 13:58:36,233 - scraper - INFO - 
==================================================
2025-06-04 13:58:36,233 - scraper - INFO - DEBUG: Comment 39
2025-06-04 13:58:36,233 - scraper - INFO - ==================================================
2025-06-04 13:58:36,233 - scraper - INFO - username: Hun   Yalew    Yhonal
2025-06-04 13:58:36,233 - scraper - INFO - text: wow
2025-06-04 13:58:36,233 - scraper - INFO - date: 
2025-06-04 13:58:36,240 - scraper - INFO - likes: 0
2025-06-04 13:58:36,241 - scraper - INFO - ==================================================

2025-06-04 13:58:36,241 - scraper - INFO - Adding delay of 4.54 seconds
2025-06-04 13:58:41,267 - scraper - INFO - 
==================================================
2025-06-04 13:58:41,268 - scraper - INFO - DEBUG: Comment 40
2025-06-04 13:58:41,268 - scraper - INFO - ==================================================
2025-06-04 13:58:41,269 - scraper - INFO - username: AYalewAYu773
2025-06-04 13:58:41,273 - scraper - INFO - date: 
2025-06-04 13:58:41,274 - scraper - INFO - likes: 0
2025-06-04 13:58:41,274 - scraper - INFO - ==================================================

2025-06-04 13:58:41,274 - scraper - INFO - Adding delay of 4.88 seconds
2025-06-04 13:58:46,869 - scraper - INFO - 
==================================================
2025-06-04 13:58:46,879 - scraper - INFO - DEBUG: Comment 41
2025-06-04 13:58:46,879 - scraper - INFO - ==================================================
2025-06-04 13:58:46,879 - scraper - INFO - username: Maru
2025-06-04 13:58:46,882 - scraper - INFO - date: 
2025-06-04 13:58:46,882 - scraper - INFO - likes: 0
2025-06-04 13:58:46,882 - scraper - INFO - ==================================================

2025-06-04 13:58:46,886 - scraper - INFO - Adding delay of 4.77 seconds
2025-06-04 13:58:53,099 - scraper - INFO - 
==================================================
2025-06-04 13:58:53,108 - scraper - INFO - DEBUG: Comment 42
2025-06-04 13:58:53,109 - scraper - INFO - ==================================================
2025-06-04 13:58:53,110 - scraper - INFO - username: lisan merawi
2025-06-04 13:58:53,136 - scraper - INFO - date: 
2025-06-04 13:58:53,142 - scraper - INFO - likes: 0
2025-06-04 13:58:53,143 - scraper - INFO - ==================================================

2025-06-04 13:58:53,146 - scraper - INFO - Adding delay of 3.88 seconds
2025-06-04 13:58:59,342 - scraper - INFO - 
==================================================
2025-06-04 13:58:59,344 - scraper - INFO - DEBUG: Comment 43
2025-06-04 13:58:59,346 - scraper - INFO - ==================================================
2025-06-04 13:58:59,348 - scraper - INFO - username: somthing reason beyound it
2025-06-04 13:58:59,363 - scraper - INFO - date: 
2025-06-04 13:58:59,363 - scraper - INFO - likes: 0
2025-06-04 13:58:59,364 - scraper - INFO - ==================================================

2025-06-04 13:58:59,365 - scraper - INFO - Adding delay of 3.99 seconds
2025-06-04 13:59:04,181 - scraper - INFO - 
==================================================
2025-06-04 13:59:04,184 - scraper - INFO - DEBUG: Comment 44
2025-06-04 13:59:04,185 - scraper - INFO - ==================================================
2025-06-04 13:59:04,198 - scraper - INFO - date: 
2025-06-04 13:59:04,198 - scraper - INFO - likes: 0
2025-06-04 13:59:04,199 - scraper - INFO - ==================================================

2025-06-04 13:59:04,200 - scraper - INFO - Adding delay of 3.55 seconds
2025-06-04 13:59:08,923 - scraper - INFO - 
==================================================
2025-06-04 13:59:08,931 - scraper - INFO - DEBUG: Comment 45
2025-06-04 13:59:08,932 - scraper - INFO - ==================================================
2025-06-04 13:59:08,955 - scraper - INFO - date: 
2025-06-04 13:59:08,955 - scraper - INFO - likes: 0
2025-06-04 13:59:08,956 - scraper - INFO - ==================================================

2025-06-04 13:59:08,956 - scraper - INFO - Adding delay of 2.18 seconds
2025-06-04 13:59:12,229 - scraper - INFO - 
==================================================
2025-06-04 13:59:12,230 - scraper - INFO - DEBUG: Comment 46
2025-06-04 13:59:12,231 - scraper - INFO - ==================================================
2025-06-04 13:59:12,232 - scraper - INFO - username: esku
2025-06-04 13:59:12,232 - scraper - INFO - text: endat neh yalewu
2025-06-04 13:59:12,233 - scraper - INFO - date: 
2025-06-04 13:59:12,234 - scraper - INFO - likes: 0
2025-06-04 13:59:12,234 - scraper - INFO - ==================================================

2025-06-04 13:59:12,234 - scraper - INFO - Adding delay of 2.41 seconds
2025-06-04 13:59:15,542 - scraper - INFO - 
==================================================
2025-06-04 13:59:15,543 - scraper - INFO - DEBUG: Comment 47
2025-06-04 13:59:15,544 - scraper - INFO - ==================================================
2025-06-04 13:59:15,544 - scraper - INFO - username: mitiku tadesse
2025-06-04 13:59:15,551 - scraper - INFO - date: 
2025-06-04 13:59:15,551 - scraper - INFO - likes: 0
2025-06-04 13:59:15,552 - scraper - INFO - ==================================================

2025-06-04 13:59:15,553 - scraper - INFO - Adding delay of 3.75 seconds
2025-06-04 13:59:20,123 - scraper - INFO - 
==================================================
2025-06-04 13:59:20,123 - scraper - INFO - DEBUG: Comment 48
2025-06-04 13:59:20,124 - scraper - INFO - ==================================================
2025-06-04 13:59:20,135 - scraper - INFO - date: 
2025-06-04 13:59:20,136 - scraper - INFO - likes: 0
2025-06-04 13:59:20,136 - scraper - INFO - ==================================================

2025-06-04 13:59:20,136 - scraper - INFO - Adding delay of 3.10 seconds
2025-06-04 13:59:24,170 - scraper - INFO - 
==================================================
2025-06-04 13:59:24,175 - scraper - INFO - DEBUG: Comment 49
2025-06-04 13:59:24,175 - scraper - INFO - ==================================================
2025-06-04 13:59:24,176 - scraper - INFO - username: Ostrich
2025-06-04 13:59:24,185 - scraper - INFO - date: 
2025-06-04 13:59:24,185 - scraper - INFO - likes: 0
2025-06-04 13:59:24,186 - scraper - INFO - ==================================================

2025-06-04 13:59:24,186 - scraper - INFO - Adding delay of 3.94 seconds
2025-06-04 13:59:30,472 - scraper - INFO - 
==================================================
2025-06-04 13:59:30,473 - scraper - INFO - DEBUG: Comment 50
2025-06-04 13:59:30,473 - scraper - INFO - ==================================================
2025-06-04 13:59:31,242 - scraper - INFO - date: 
2025-06-04 13:59:31,254 - scraper - INFO - likes: 0
2025-06-04 13:59:31,272 - scraper - INFO - ==================================================

2025-06-04 13:59:31,339 - scraper - INFO - Scraped 50 comments for video 5
2025-06-04 13:59:31,339 - scraper - INFO - 
==================================================
2025-06-04 13:59:31,340 - scraper - INFO - DEBUG: Video Data
2025-06-04 13:59:31,341 - scraper - INFO - ==================================================
2025-06-04 13:59:32,104 - scraper - INFO - video_url: https://www.tiktok.com/@yalew_adugna/video/7503195298039221510
2025-06-04 13:59:32,155 - scraper - INFO - like: 17.1K
2025-06-04 13:59:32,158 - scraper - INFO - comment: 467
2025-06-04 13:59:32,159 - scraper - INFO - share: 839
2025-06-04 13:59:32,162 - scraper - INFO - date: 5-11
2025-06-04 13:59:32,219 - scraper - INFO - username: @yalew_adugna
2025-06-04 13:59:32,734 - scraper - INFO - ==================================================

2025-06-04 13:59:32,739 - scraper - INFO - Processing video 6/12: https://www.tiktok.com/@asaregnawfano19/video/7446127378511760645
2025-06-04 14:00:21,183 - scraper - INFO - No popup/captcha detected
2025-06-04 14:00:21,792 - scraper - INFO - Attempting to scrape up to 50 comments...
2025-06-04 14:00:55,598 - scraper - INFO - 
==================================================
2025-06-04 14:00:55,599 - scraper - INFO - DEBUG: Comment 1
2025-06-04 14:00:55,599 - scraper - INFO - ==================================================
2025-06-04 14:00:55,600 - scraper - INFO - username: user3421082939786
2025-06-04 14:00:55,610 - scraper - INFO - date: 
2025-06-04 14:00:55,611 - scraper - INFO - likes: 5
2025-06-04 14:00:55,611 - scraper - INFO - ==================================================

2025-06-04 14:00:55,612 - scraper - INFO - Adding delay of 4.45 seconds
2025-06-04 14:01:00,811 - scraper - INFO - 
==================================================
2025-06-04 14:01:00,818 - scraper - INFO - DEBUG: Comment 2
2025-06-04 14:01:00,819 - scraper - INFO - ==================================================
2025-06-04 14:01:00,942 - scraper - INFO - date: 
2025-06-04 14:01:00,945 - scraper - INFO - likes: 5
2025-06-04 14:01:00,948 - scraper - INFO - ==================================================

2025-06-04 14:01:00,953 - scraper - INFO - Adding delay of 2.37 seconds
2025-06-04 14:01:03,583 - scraper - INFO - 
==================================================
2025-06-04 14:01:03,584 - scraper - INFO - DEBUG: Comment 3
2025-06-04 14:01:03,585 - scraper - INFO - ==================================================
2025-06-04 14:01:03,585 - scraper - INFO - username: oro digital 16
2025-06-04 14:01:03,590 - scraper - INFO - date: 4d ago
2025-06-04 14:01:03,591 - scraper - INFO - likes: 0
2025-06-04 14:01:03,591 - scraper - INFO - ==================================================

2025-06-04 14:01:03,592 - scraper - INFO - Adding delay of 2.43 seconds
2025-06-04 14:01:06,955 - scraper - INFO - 
==================================================
2025-06-04 14:01:06,956 - scraper - INFO - DEBUG: Comment 4
2025-06-04 14:01:06,957 - scraper - INFO - ==================================================
2025-06-04 14:01:06,958 - scraper - INFO - username: user34591916730996
2025-06-04 14:01:06,966 - scraper - INFO - date: 
2025-06-04 14:01:06,966 - scraper - INFO - likes: 4
2025-06-04 14:01:06,967 - scraper - INFO - ==================================================

2025-06-04 14:01:06,967 - scraper - INFO - Adding delay of 4.57 seconds
2025-06-04 14:01:12,403 - scraper - INFO - 
==================================================
2025-06-04 14:01:12,407 - scraper - INFO - DEBUG: Comment 5
2025-06-04 14:01:12,407 - scraper - INFO - ==================================================
2025-06-04 14:01:12,408 - scraper - INFO - username: gechi..
2025-06-04 14:01:12,413 - scraper - INFO - date: 
2025-06-04 14:01:12,414 - scraper - INFO - likes: 1
2025-06-04 14:01:12,414 - scraper - INFO - ==================================================

2025-06-04 14:01:12,415 - scraper - INFO - Adding delay of 2.82 seconds
2025-06-04 14:01:15,998 - scraper - INFO - 
==================================================
2025-06-04 14:01:15,999 - scraper - INFO - DEBUG: Comment 6
2025-06-04 14:01:16,000 - scraper - INFO - ==================================================
2025-06-04 14:01:16,000 - scraper - INFO - username: mehari
2025-06-04 14:01:16,009 - scraper - INFO - date: 
2025-06-04 14:01:16,010 - scraper - INFO - likes: 2
2025-06-04 14:01:16,010 - scraper - INFO - ==================================================

2025-06-04 14:01:16,011 - scraper - INFO - Adding delay of 4.03 seconds
2025-06-04 14:01:20,310 - scraper - INFO - 
==================================================
2025-06-04 14:01:20,312 - scraper - INFO - DEBUG: Comment 7
2025-06-04 14:01:20,312 - scraper - INFO - ==================================================
2025-06-04 14:01:20,313 - scraper - INFO - username: kidstchane3gmail.com
2025-06-04 14:01:20,318 - scraper - INFO - date: 4d ago
2025-06-04 14:01:20,318 - scraper - INFO - likes: 0
2025-06-04 14:01:20,318 - scraper - INFO - ==================================================

2025-06-04 14:01:20,318 - scraper - INFO - Adding delay of 4.96 seconds
2025-06-04 14:01:26,581 - scraper - INFO - 
==================================================
2025-06-04 14:01:26,591 - scraper - INFO - DEBUG: Comment 8
2025-06-04 14:01:26,593 - scraper - INFO - ==================================================
2025-06-04 14:01:26,841 - scraper - INFO - date: 
2025-06-04 14:01:26,849 - scraper - INFO - likes: 1
2025-06-04 14:01:26,852 - scraper - INFO - ==================================================

2025-06-04 14:01:26,857 - scraper - INFO - Adding delay of 4.68 seconds
2025-06-04 14:01:33,144 - scraper - INFO - 
==================================================
2025-06-04 14:01:33,150 - scraper - INFO - DEBUG: Comment 9
2025-06-04 14:01:33,165 - scraper - INFO - ==================================================
2025-06-04 14:01:33,303 - scraper - INFO - username: Alelgi
2025-06-04 14:01:33,381 - scraper - INFO - date: 
2025-06-04 14:01:33,493 - scraper - INFO - likes: 0
2025-06-04 14:01:33,608 - scraper - INFO - ==================================================

2025-06-04 14:01:35,033 - scraper - INFO - 
==================================================
2025-06-04 14:01:35,034 - scraper - INFO - DEBUG: Comment 10
2025-06-04 14:01:35,035 - scraper - INFO - ==================================================
2025-06-04 14:01:35,035 - scraper - INFO - username: mesgana
2025-06-04 14:01:35,044 - scraper - INFO - date: 
2025-06-04 14:01:35,044 - scraper - INFO - likes: 0
2025-06-04 14:01:35,046 - scraper - INFO - ==================================================

2025-06-04 14:01:35,046 - scraper - INFO - Adding delay of 2.82 seconds
2025-06-04 14:01:38,759 - scraper - INFO - 
==================================================
2025-06-04 14:01:38,760 - scraper - INFO - DEBUG: Comment 11
2025-06-04 14:01:38,760 - scraper - INFO - ==================================================
2025-06-04 14:01:38,762 - scraper - INFO - username: mesfin
2025-06-04 14:01:38,912 - scraper - INFO - date: 
2025-06-04 14:01:38,913 - scraper - INFO - likes: 0
2025-06-04 14:01:38,915 - scraper - INFO - ==================================================

2025-06-04 14:01:38,916 - scraper - INFO - Adding delay of 4.47 seconds
2025-06-04 14:01:44,509 - scraper - INFO - 
==================================================
2025-06-04 14:01:44,512 - scraper - INFO - DEBUG: Comment 12
2025-06-04 14:01:44,516 - scraper - INFO - ==================================================
2025-06-04 14:01:44,518 - scraper - INFO - username: ermii
2025-06-04 14:01:44,688 - scraper - INFO - text: attuu Mata meeta ketiin Harredha dhufte salama
2025-06-04 14:01:44,698 - scraper - INFO - date: 
2025-06-04 14:01:44,728 - scraper - INFO - likes: 0
2025-06-04 14:01:44,763 - scraper - INFO - ==================================================

2025-06-04 14:01:44,809 - scraper - INFO - Adding delay of 4.96 seconds
2025-06-04 14:01:51,316 - scraper - INFO - 
==================================================
2025-06-04 14:01:51,318 - scraper - INFO - DEBUG: Comment 13
2025-06-04 14:01:51,318 - scraper - INFO - ==================================================
2025-06-04 14:01:51,319 - scraper - INFO - username: @desu man 21 27
2025-06-04 14:01:51,326 - scraper - INFO - date: 
2025-06-04 14:01:51,326 - scraper - INFO - likes: 0
2025-06-04 14:01:51,327 - scraper - INFO - ==================================================

2025-06-04 14:01:51,327 - scraper - INFO - Adding delay of 3.74 seconds
2025-06-04 14:01:56,964 - scraper - INFO - 
==================================================
2025-06-04 14:01:56,966 - scraper - INFO - DEBUG: Comment 14
2025-06-04 14:01:56,968 - scraper - INFO - ==================================================
2025-06-04 14:01:56,979 - scraper - INFO - date: 
2025-06-04 14:01:56,979 - scraper - INFO - likes: 0
2025-06-04 14:01:56,980 - scraper - INFO - ==================================================

2025-06-04 14:01:56,980 - scraper - INFO - Adding delay of 4.13 seconds
2025-06-04 14:02:02,772 - scraper - INFO - 
==================================================
2025-06-04 14:02:02,776 - scraper - INFO - DEBUG: Comment 15
2025-06-04 14:02:02,911 - scraper - INFO - ==================================================
2025-06-04 14:02:03,350 - scraper - INFO - date: 
2025-06-04 14:02:03,404 - scraper - INFO - likes: 0
2025-06-04 14:02:03,430 - scraper - INFO - ==================================================

2025-06-04 14:02:04,852 - scraper - INFO - 
==================================================
2025-06-04 14:02:04,854 - scraper - INFO - DEBUG: Comment 16
2025-06-04 14:02:04,855 - scraper - INFO - ==================================================
2025-06-04 14:02:04,954 - scraper - INFO - text: ok
2025-06-04 14:02:04,957 - scraper - INFO - date: 
2025-06-04 14:02:04,960 - scraper - INFO - likes: 0
2025-06-04 14:02:04,961 - scraper - INFO - ==================================================

2025-06-04 14:02:05,003 - scraper - INFO - Adding delay of 2.64 seconds
2025-06-04 14:02:09,418 - scraper - INFO - 
==================================================
2025-06-04 14:02:09,419 - scraper - INFO - DEBUG: Comment 17
2025-06-04 14:02:09,420 - scraper - INFO - ==================================================
2025-06-04 14:02:09,436 - scraper - INFO - date: 
2025-06-04 14:02:09,440 - scraper - INFO - likes: 0
2025-06-04 14:02:09,442 - scraper - INFO - ==================================================

2025-06-04 14:02:09,443 - scraper - INFO - Adding delay of 4.81 seconds
2025-06-04 14:02:16,561 - scraper - INFO - 
==================================================
2025-06-04 14:02:16,580 - scraper - INFO - DEBUG: Comment 18
2025-06-04 14:02:16,581 - scraper - INFO - ==================================================
2025-06-04 14:02:16,600 - scraper - INFO - date: 
2025-06-04 14:02:16,600 - scraper - INFO - likes: 0
2025-06-04 14:02:16,601 - scraper - INFO - ==================================================

2025-06-04 14:02:17,536 - scraper - INFO - 
==================================================
2025-06-04 14:02:17,538 - scraper - INFO - DEBUG: Comment 19
2025-06-04 14:02:17,539 - scraper - INFO - ==================================================
2025-06-04 14:02:18,111 - scraper - INFO - date: 
2025-06-04 14:02:18,151 - scraper - INFO - likes: 0
2025-06-04 14:02:18,155 - scraper - INFO - ==================================================

2025-06-04 14:02:18,178 - scraper - INFO - Adding delay of 3.08 seconds
2025-06-04 14:02:22,336 - scraper - INFO - 
==================================================
2025-06-04 14:02:22,337 - scraper - INFO - DEBUG: Comment 20
2025-06-04 14:02:22,337 - scraper - INFO - ==================================================
2025-06-04 14:02:22,338 - scraper - INFO - username: mesganaw
2025-06-04 14:02:22,344 - scraper - INFO - date: 
2025-06-04 14:02:22,344 - scraper - INFO - likes: 0
2025-06-04 14:02:22,345 - scraper - INFO - ==================================================

2025-06-04 14:02:22,345 - scraper - INFO - Adding delay of 3.01 seconds
2025-06-04 14:02:26,226 - scraper - INFO - 
==================================================
2025-06-04 14:02:26,227 - scraper - INFO - DEBUG: Comment 21
2025-06-04 14:02:26,228 - scraper - INFO - ==================================================
2025-06-04 14:02:26,230 - scraper - INFO - username: Alhamdulilah
2025-06-04 14:02:26,240 - scraper - INFO - date: 
2025-06-04 14:02:26,240 - scraper - INFO - likes: 0
2025-06-04 14:02:26,241 - scraper - INFO - ==================================================

2025-06-04 14:02:26,241 - scraper - INFO - Adding delay of 3.01 seconds
2025-06-04 14:02:30,150 - scraper - INFO - 
==================================================
2025-06-04 14:02:30,151 - scraper - INFO - DEBUG: Comment 22
2025-06-04 14:02:30,152 - scraper - INFO - ==================================================
2025-06-04 14:02:30,152 - scraper - INFO - username: kn
2025-06-04 14:02:30,193 - scraper - INFO - date: 
2025-06-04 14:02:30,199 - scraper - INFO - likes: 0
2025-06-04 14:02:30,203 - scraper - INFO - ==================================================

2025-06-04 14:02:30,211 - scraper - INFO - Adding delay of 3.56 seconds
2025-06-04 14:02:34,611 - scraper - INFO - 
==================================================
2025-06-04 14:02:34,611 - scraper - INFO - DEBUG: Comment 23
2025-06-04 14:02:34,612 - scraper - INFO - ==================================================
2025-06-04 14:02:34,623 - scraper - INFO - date: 
2025-06-04 14:02:34,624 - scraper - INFO - likes: 0
2025-06-04 14:02:34,624 - scraper - INFO - ==================================================

2025-06-04 14:02:34,624 - scraper - INFO - Adding delay of 2.06 seconds
2025-06-04 14:02:37,493 - scraper - INFO - 
==================================================
2025-06-04 14:02:37,494 - scraper - INFO - DEBUG: Comment 24
2025-06-04 14:02:37,494 - scraper - INFO - ==================================================
2025-06-04 14:02:37,495 - scraper - INFO - username: mulusha21
2025-06-04 14:02:37,504 - scraper - INFO - date: 
2025-06-04 14:02:37,506 - scraper - INFO - likes: 0
2025-06-04 14:02:37,507 - scraper - INFO - ==================================================

2025-06-04 14:02:37,507 - scraper - INFO - Adding delay of 4.86 seconds
2025-06-04 14:02:43,415 - scraper - INFO - 
==================================================
2025-06-04 14:02:43,415 - scraper - INFO - DEBUG: Comment 25
2025-06-04 14:02:43,417 - scraper - INFO - ==================================================
2025-06-04 14:02:43,426 - scraper - INFO - date: 
2025-06-04 14:02:43,428 - scraper - INFO - likes: 0
2025-06-04 14:02:43,428 - scraper - INFO - ==================================================

2025-06-04 14:02:43,429 - scraper - INFO - Adding delay of 4.97 seconds
2025-06-04 14:02:49,920 - scraper - INFO - 
==================================================
2025-06-04 14:02:49,920 - scraper - INFO - DEBUG: Comment 26
2025-06-04 14:02:49,965 - scraper - INFO - ==================================================
2025-06-04 14:02:49,966 - scraper - INFO - username: Tesfaye
2025-06-04 14:02:49,988 - scraper - INFO - date: 
2025-06-04 14:02:49,988 - scraper - INFO - likes: 0
2025-06-04 14:02:49,989 - scraper - INFO - ==================================================

2025-06-04 14:02:49,990 - scraper - INFO - Adding delay of 4.32 seconds
2025-06-04 14:02:55,408 - scraper - INFO - 
==================================================
2025-06-04 14:02:55,412 - scraper - INFO - DEBUG: Comment 27
2025-06-04 14:02:55,414 - scraper - INFO - ==================================================
2025-06-04 14:02:55,431 - scraper - INFO - date: 
2025-06-04 14:02:55,433 - scraper - INFO - likes: 0
2025-06-04 14:02:55,433 - scraper - INFO - ==================================================

2025-06-04 14:02:55,434 - scraper - INFO - Adding delay of 3.45 seconds
2025-06-04 14:02:59,703 - scraper - INFO - 
==================================================
2025-06-04 14:02:59,705 - scraper - INFO - DEBUG: Comment 28
2025-06-04 14:02:59,705 - scraper - INFO - ==================================================
2025-06-04 14:02:59,705 - scraper - INFO - username: Hani@
2025-06-04 14:02:59,712 - scraper - INFO - date: 
2025-06-04 14:02:59,712 - scraper - INFO - likes: 0
2025-06-04 14:02:59,712 - scraper - INFO - ==================================================

2025-06-04 14:02:59,714 - scraper - INFO - Adding delay of 2.97 seconds
2025-06-04 14:03:03,786 - scraper - INFO - 
==================================================
2025-06-04 14:03:03,788 - scraper - INFO - DEBUG: Comment 29
2025-06-04 14:03:03,789 - scraper - INFO - ==================================================
2025-06-04 14:03:03,794 - scraper - INFO - text: ewunet neber gin Ahun endeza aydelem fano .......jegna new
2025-06-04 14:03:03,795 - scraper - INFO - date: 
2025-06-04 14:03:03,990 - scraper - INFO - likes: 0
2025-06-04 14:03:04,063 - scraper - INFO - ==================================================

2025-06-04 14:03:04,150 - scraper - INFO - Adding delay of 4.07 seconds
2025-06-04 14:03:09,269 - scraper - INFO - 
==================================================
2025-06-04 14:03:09,270 - scraper - INFO - DEBUG: Comment 30
2025-06-04 14:03:09,270 - scraper - INFO - ==================================================
2025-06-04 14:03:09,282 - scraper - INFO - date: 
2025-06-04 14:03:09,282 - scraper - INFO - likes: 9
2025-06-04 14:03:09,282 - scraper - INFO - ==================================================

2025-06-04 14:03:09,283 - scraper - INFO - Adding delay of 2.21 seconds
2025-06-04 14:03:12,438 - scraper - INFO - 
==================================================
2025-06-04 14:03:12,440 - scraper - INFO - DEBUG: Comment 31
2025-06-04 14:03:12,441 - scraper - INFO - ==================================================
2025-06-04 14:03:12,533 - scraper - INFO - date: 
2025-06-04 14:03:12,537 - scraper - INFO - likes: 2
2025-06-04 14:03:12,538 - scraper - INFO - ==================================================

2025-06-04 14:03:12,539 - scraper - INFO - Adding delay of 3.50 seconds
2025-06-04 14:03:16,879 - scraper - INFO - 
==================================================
2025-06-04 14:03:16,881 - scraper - INFO - DEBUG: Comment 32
2025-06-04 14:03:16,882 - scraper - INFO - ==================================================
2025-06-04 14:03:16,950 - scraper - INFO - date: 
2025-06-04 14:03:16,951 - scraper - INFO - likes: 0
2025-06-04 14:03:16,952 - scraper - INFO - ==================================================

2025-06-04 14:03:16,960 - scraper - INFO - Adding delay of 2.63 seconds
2025-06-04 14:03:20,457 - scraper - INFO - 
==================================================
2025-06-04 14:03:20,458 - scraper - INFO - DEBUG: Comment 33
2025-06-04 14:03:20,458 - scraper - INFO - ==================================================
2025-06-04 14:03:20,470 - scraper - INFO - date: 
2025-06-04 14:03:20,471 - scraper - INFO - likes: 0
2025-06-04 14:03:20,471 - scraper - INFO - ==================================================

2025-06-04 14:03:20,472 - scraper - INFO - Adding delay of 2.95 seconds
2025-06-04 14:03:24,205 - scraper - INFO - 
==================================================
2025-06-04 14:03:24,206 - scraper - INFO - DEBUG: Comment 34
2025-06-04 14:03:24,206 - scraper - INFO - ==================================================
2025-06-04 14:03:24,217 - scraper - INFO - date: 
2025-06-04 14:03:24,217 - scraper - INFO - likes: 0
2025-06-04 14:03:24,218 - scraper - INFO - ==================================================

2025-06-04 14:03:24,218 - scraper - INFO - Adding delay of 4.86 seconds
2025-06-04 14:03:29,903 - scraper - INFO - 
==================================================
2025-06-04 14:03:29,904 - scraper - INFO - DEBUG: Comment 35
2025-06-04 14:03:29,904 - scraper - INFO - ==================================================
2025-06-04 14:03:29,905 - scraper - INFO - username: Darra.biya.koo
2025-06-04 14:03:29,911 - scraper - INFO - date: 
2025-06-04 14:03:29,912 - scraper - INFO - likes: 0
2025-06-04 14:03:29,912 - scraper - INFO - ==================================================

2025-06-04 14:03:29,912 - scraper - INFO - Adding delay of 3.91 seconds
2025-06-04 14:03:34,775 - scraper - INFO - 
==================================================
2025-06-04 14:03:34,776 - scraper - INFO - DEBUG: Comment 36
2025-06-04 14:03:34,776 - scraper - INFO - ==================================================
2025-06-04 14:03:34,842 - scraper - INFO - date: 13h ago
2025-06-04 14:03:34,847 - scraper - INFO - likes: 0
2025-06-04 14:03:34,853 - scraper - INFO - ==================================================

2025-06-04 14:03:34,859 - scraper - INFO - Adding delay of 3.26 seconds
2025-06-04 14:03:38,397 - scraper - INFO - 
==================================================
2025-06-04 14:03:38,397 - scraper - INFO - DEBUG: Comment 37
2025-06-04 14:03:38,399 - scraper - INFO - ==================================================
2025-06-04 14:03:38,434 - scraper - INFO - date: 1d ago
2025-06-04 14:03:38,438 - scraper - INFO - likes: 0
2025-06-04 14:03:38,439 - scraper - INFO - ==================================================

2025-06-04 14:03:38,440 - scraper - INFO - Adding delay of 2.31 seconds
2025-06-04 14:03:41,049 - scraper - INFO - 
==================================================
2025-06-04 14:03:41,051 - scraper - INFO - DEBUG: Comment 38
2025-06-04 14:03:41,052 - scraper - INFO - ==================================================
2025-06-04 14:03:41,053 - scraper - INFO - username: user1008780306533
2025-06-04 14:03:41,066 - scraper - INFO - date: 2d ago
2025-06-04 14:03:41,066 - scraper - INFO - likes: 0
2025-06-04 14:03:41,067 - scraper - INFO - ==================================================

2025-06-04 14:03:41,069 - scraper - INFO - Adding delay of 3.03 seconds
2025-06-04 14:03:44,503 - scraper - INFO - 
==================================================
2025-06-04 14:03:44,504 - scraper - INFO - DEBUG: Comment 39
2025-06-04 14:03:44,505 - scraper - INFO - ==================================================
2025-06-04 14:03:44,505 - scraper - INFO - username: Baki Man
2025-06-04 14:03:44,514 - scraper - INFO - date: 2d ago
2025-06-04 14:03:44,515 - scraper - INFO - likes: 0
2025-06-04 14:03:44,515 - scraper - INFO - ==================================================

2025-06-04 14:03:44,516 - scraper - INFO - Adding delay of 2.46 seconds
2025-06-04 14:03:47,198 - scraper - INFO - 
==================================================
2025-06-04 14:03:47,199 - scraper - INFO - DEBUG: Comment 40
2025-06-04 14:03:47,199 - scraper - INFO - ==================================================
2025-06-04 14:03:47,200 - scraper - INFO - username: Baki Man
2025-06-04 14:03:47,206 - scraper - INFO - date: 2d ago
2025-06-04 14:03:47,208 - scraper - INFO - likes: 0
2025-06-04 14:03:47,208 - scraper - INFO - ==================================================

2025-06-04 14:03:47,208 - scraper - INFO - Adding delay of 4.30 seconds
2025-06-04 14:03:52,008 - scraper - INFO - 
==================================================
2025-06-04 14:03:52,009 - scraper - INFO - DEBUG: Comment 41
2025-06-04 14:03:52,009 - scraper - INFO - ==================================================
2025-06-04 14:03:52,024 - scraper - INFO - date: 5d ago
2025-06-04 14:03:52,024 - scraper - INFO - likes: 0
2025-06-04 14:03:52,024 - scraper - INFO - ==================================================

2025-06-04 14:03:52,025 - scraper - INFO - Adding delay of 2.78 seconds
2025-06-04 14:03:55,036 - scraper - INFO - 
==================================================
2025-06-04 14:03:55,037 - scraper - INFO - DEBUG: Comment 42
2025-06-04 14:03:55,037 - scraper - INFO - ==================================================
2025-06-04 14:03:55,038 - scraper - INFO - username: Dawit Dawit
2025-06-04 14:03:55,043 - scraper - INFO - date: 5d ago
2025-06-04 14:03:55,043 - scraper - INFO - likes: 0
2025-06-04 14:03:55,043 - scraper - INFO - ==================================================

2025-06-04 14:03:55,044 - scraper - INFO - Adding delay of 4.41 seconds
2025-06-04 14:03:59,694 - scraper - INFO - 
==================================================
2025-06-04 14:03:59,696 - scraper - INFO - DEBUG: Comment 43
2025-06-04 14:03:59,696 - scraper - INFO - ==================================================
2025-06-04 14:03:59,697 - scraper - INFO - username: Dawit Dawit
2025-06-04 14:03:59,702 - scraper - INFO - date: 5d ago
2025-06-04 14:03:59,702 - scraper - INFO - likes: 0
2025-06-04 14:03:59,703 - scraper - INFO - ==================================================

2025-06-04 14:03:59,703 - scraper - INFO - Adding delay of 3.83 seconds
2025-06-04 14:04:04,757 - scraper - INFO - 
==================================================
2025-06-04 14:04:04,827 - scraper - INFO - DEBUG: Comment 44
2025-06-04 14:04:04,827 - scraper - INFO - ==================================================
2025-06-04 14:04:04,828 - scraper - INFO - username: Dawit Dawit
2025-06-04 14:04:04,874 - scraper - INFO - date: 5d ago
2025-06-04 14:04:04,878 - scraper - INFO - likes: 0
2025-06-04 14:04:04,918 - scraper - INFO - ==================================================

2025-06-04 14:04:04,921 - scraper - INFO - Adding delay of 3.20 seconds
2025-06-04 14:04:09,704 - scraper - INFO - 
==================================================
2025-06-04 14:04:09,705 - scraper - INFO - DEBUG: Comment 45
2025-06-04 14:04:09,706 - scraper - INFO - ==================================================
2025-06-04 14:04:09,706 - scraper - INFO - username: bir27
2025-06-04 14:04:09,713 - scraper - INFO - date: 
2025-06-04 14:04:09,713 - scraper - INFO - likes: 0
2025-06-04 14:04:09,714 - scraper - INFO - ==================================================

2025-06-04 14:04:09,714 - scraper - INFO - Adding delay of 2.32 seconds
2025-06-04 14:04:13,107 - scraper - INFO - 
==================================================
2025-06-04 14:04:13,107 - scraper - INFO - DEBUG: Comment 46
2025-06-04 14:04:13,107 - scraper - INFO - ==================================================
2025-06-04 14:04:13,107 - scraper - INFO - username: husen
2025-06-04 14:04:13,130 - scraper - INFO - date: 
2025-06-04 14:04:13,130 - scraper - INFO - likes: 0
2025-06-04 14:04:13,130 - scraper - INFO - ==================================================

2025-06-04 14:04:13,130 - scraper - INFO - Adding delay of 2.75 seconds
2025-06-04 14:04:18,419 - scraper - INFO - 
==================================================
2025-06-04 14:04:18,421 - scraper - INFO - DEBUG: Comment 47
2025-06-04 14:04:18,424 - scraper - INFO - ==================================================
2025-06-04 14:04:18,425 - scraper - INFO - username: kebde
2025-06-04 14:04:18,460 - scraper - INFO - date: 
2025-06-04 14:04:18,464 - scraper - INFO - likes: 0
2025-06-04 14:04:18,481 - scraper - INFO - ==================================================

2025-06-04 14:04:19,247 - scraper - INFO - 
==================================================
2025-06-04 14:04:19,247 - scraper - INFO - DEBUG: Comment 48
2025-06-04 14:04:19,247 - scraper - INFO - ==================================================
2025-06-04 14:04:19,249 - scraper - INFO - username: devdad29
2025-06-04 14:04:19,256 - scraper - INFO - date: 
2025-06-04 14:04:19,256 - scraper - INFO - likes: 0
2025-06-04 14:04:19,259 - scraper - INFO - ==================================================

2025-06-04 14:04:19,259 - scraper - INFO - Adding delay of 4.83 seconds
2025-06-04 14:04:25,034 - scraper - INFO - 
==================================================
2025-06-04 14:04:25,034 - scraper - INFO - DEBUG: Comment 49
2025-06-04 14:04:25,034 - scraper - INFO - ==================================================
2025-06-04 14:04:25,038 - scraper - INFO - username: Lalliisaa
2025-06-04 14:04:25,414 - scraper - INFO - date: 
2025-06-04 14:04:25,431 - scraper - INFO - likes: 0
2025-06-04 14:04:25,432 - scraper - INFO - ==================================================

2025-06-04 14:04:25,447 - scraper - INFO - Adding delay of 3.56 seconds
2025-06-04 14:04:30,054 - scraper - INFO - 
==================================================
2025-06-04 14:04:30,056 - scraper - INFO - DEBUG: Comment 50
2025-06-04 14:04:30,058 - scraper - INFO - ==================================================
2025-06-04 14:04:30,058 - scraper - INFO - username: habte z
2025-06-04 14:04:30,064 - scraper - INFO - date: 
2025-06-04 14:04:30,064 - scraper - INFO - likes: 0
2025-06-04 14:04:30,067 - scraper - INFO - ==================================================

2025-06-04 14:04:30,068 - scraper - INFO - Scraped 50 comments for video 6
2025-06-04 14:04:30,068 - scraper - INFO - 
==================================================
2025-06-04 14:04:30,068 - scraper - INFO - DEBUG: Video Data
2025-06-04 14:04:30,068 - scraper - INFO - ==================================================
2025-06-04 14:04:30,074 - scraper - INFO - video_url: https://www.tiktok.com/@asaregnawfano19/video/7446127378511760645
2025-06-04 14:04:30,074 - scraper - INFO - like: 2489
2025-06-04 14:04:30,074 - scraper - INFO - comment: 182
2025-06-04 14:04:30,074 - scraper - INFO - share: 555
2025-06-04 14:04:30,074 - scraper - INFO - date: 2024-12-8
2025-06-04 14:04:30,074 - scraper - INFO - username: @asaregnawfano19
2025-06-04 14:04:30,162 - scraper - INFO - ==================================================

2025-06-04 14:04:30,165 - scraper - INFO - Processing video 7/12: https://www.tiktok.com/@mariyam21rm/video/7489703255665069330
2025-06-04 14:04:30,167 - scraper - INFO - Adding delay of 3.06 seconds
2025-06-04 14:05:23,866 - scraper - INFO - No popup/captcha detected
2025-06-04 14:05:23,963 - scraper - INFO - Attempting to scrape up to 50 comments...
2025-06-04 14:06:04,745 - scraper - INFO - 
==================================================
2025-06-04 14:06:04,746 - scraper - INFO - DEBUG: Comment 1
2025-06-04 14:06:04,746 - scraper - INFO - ==================================================
2025-06-04 14:06:04,747 - scraper - INFO - username: muhee.12
2025-06-04 14:06:04,747 - scraper - INFO - text: 2222222
2025-06-04 14:06:04,747 - scraper - INFO - date: 2h ago
2025-06-04 14:06:04,747 - scraper - INFO - likes: 0
2025-06-04 14:06:04,748 - scraper - INFO - ==================================================

2025-06-04 14:06:04,748 - scraper - INFO - Adding delay of 3.69 seconds
2025-06-04 14:06:08,587 - scraper - INFO - 
==================================================
2025-06-04 14:06:08,587 - scraper - INFO - DEBUG: Comment 2
2025-06-04 14:06:08,588 - scraper - INFO - ==================================================
2025-06-04 14:06:08,588 - scraper - INFO - username: yonas
2025-06-04 14:06:08,597 - scraper - INFO - date: 1d ago
2025-06-04 14:06:08,597 - scraper - INFO - likes: 1
2025-06-04 14:06:08,598 - scraper - INFO - ==================================================

2025-06-04 14:06:08,598 - scraper - INFO - Adding delay of 3.68 seconds
2025-06-04 14:06:12,793 - scraper - INFO - 
==================================================
2025-06-04 14:06:12,793 - scraper - INFO - DEBUG: Comment 3
2025-06-04 14:06:12,794 - scraper - INFO - ==================================================
2025-06-04 14:06:12,794 - scraper - INFO - username: LOVE
2025-06-04 14:06:12,798 - scraper - INFO - date: 
2025-06-04 14:06:12,798 - scraper - INFO - likes: 14
2025-06-04 14:06:12,798 - scraper - INFO - ==================================================

2025-06-04 14:06:12,800 - scraper - INFO - Adding delay of 3.45 seconds
2025-06-04 14:06:17,361 - scraper - INFO - 
==================================================
2025-06-04 14:06:17,361 - scraper - INFO - DEBUG: Comment 4
2025-06-04 14:06:17,362 - scraper - INFO - ==================================================
2025-06-04 14:06:17,374 - scraper - INFO - date: 
2025-06-04 14:06:17,375 - scraper - INFO - likes: 3
2025-06-04 14:06:17,375 - scraper - INFO - ==================================================

2025-06-04 14:06:17,375 - scraper - INFO - Adding delay of 3.71 seconds
2025-06-04 14:06:21,967 - scraper - INFO - 
==================================================
2025-06-04 14:06:21,968 - scraper - INFO - DEBUG: Comment 5
2025-06-04 14:06:21,968 - scraper - INFO - ==================================================
2025-06-04 14:06:21,969 - scraper - INFO - username: user203530484451
2025-06-04 14:06:21,979 - scraper - INFO - date: 
2025-06-04 14:06:21,979 - scraper - INFO - likes: 0
2025-06-04 14:06:21,981 - scraper - INFO - ==================================================

2025-06-04 14:06:21,982 - scraper - INFO - Adding delay of 2.85 seconds
2025-06-04 14:06:25,617 - scraper - INFO - 
==================================================
2025-06-04 14:06:25,618 - scraper - INFO - DEBUG: Comment 6
2025-06-04 14:06:25,618 - scraper - INFO - ==================================================
2025-06-04 14:06:25,619 - scraper - INFO - username: Asnaqa
2025-06-04 14:06:25,626 - scraper - INFO - date: 
2025-06-04 14:06:25,626 - scraper - INFO - likes: 6
2025-06-04 14:06:25,626 - scraper - INFO - ==================================================

2025-06-04 14:06:25,627 - scraper - INFO - Adding delay of 3.84 seconds
2025-06-04 14:06:30,444 - scraper - INFO - 
==================================================
2025-06-04 14:06:30,445 - scraper - INFO - DEBUG: Comment 7
2025-06-04 14:06:30,446 - scraper - INFO - ==================================================
2025-06-04 14:06:30,447 - scraper - INFO - username: Tigst Zawdu
2025-06-04 14:06:30,453 - scraper - INFO - date: 
2025-06-04 14:06:30,454 - scraper - INFO - likes: 1
2025-06-04 14:06:30,454 - scraper - INFO - ==================================================

2025-06-04 14:06:30,455 - scraper - INFO - Adding delay of 4.38 seconds
2025-06-04 14:06:35,566 - scraper - INFO - 
==================================================
2025-06-04 14:06:35,566 - scraper - INFO - DEBUG: Comment 8
2025-06-04 14:06:35,567 - scraper - INFO - ==================================================
2025-06-04 14:06:35,567 - scraper - INFO - username: Tamrat
2025-06-04 14:06:35,571 - scraper - INFO - date: 
2025-06-04 14:06:35,573 - scraper - INFO - likes: 3
2025-06-04 14:06:35,574 - scraper - INFO - ==================================================

2025-06-04 14:06:35,574 - scraper - INFO - Adding delay of 2.23 seconds
2025-06-04 14:06:38,746 - scraper - INFO - 
==================================================
2025-06-04 14:06:38,747 - scraper - INFO - DEBUG: Comment 9
2025-06-04 14:06:38,748 - scraper - INFO - ==================================================
2025-06-04 14:06:38,758 - scraper - INFO - date: 
2025-06-04 14:06:38,759 - scraper - INFO - likes: 0
2025-06-04 14:06:38,760 - scraper - INFO - ==================================================

2025-06-04 14:06:38,760 - scraper - INFO - Adding delay of 3.53 seconds
2025-06-04 14:06:43,428 - scraper - INFO - 
==================================================
2025-06-04 14:06:43,429 - scraper - INFO - DEBUG: Comment 10
2025-06-04 14:06:43,429 - scraper - INFO - ==================================================
2025-06-04 14:06:43,429 - scraper - INFO - username: geach amraw
2025-06-04 14:06:43,437 - scraper - INFO - date: 
2025-06-04 14:06:43,437 - scraper - INFO - likes: 0
2025-06-04 14:06:43,438 - scraper - INFO - ==================================================

2025-06-04 14:06:43,438 - scraper - INFO - Adding delay of 4.79 seconds
2025-06-04 14:06:49,029 - scraper - INFO - 
==================================================
2025-06-04 14:06:49,029 - scraper - INFO - DEBUG: Comment 11
2025-06-04 14:06:49,031 - scraper - INFO - ==================================================
2025-06-04 14:06:49,031 - scraper - INFO - username: fikir bicha
2025-06-04 14:06:49,034 - scraper - INFO - date: 
2025-06-04 14:06:49,034 - scraper - INFO - likes: 0
2025-06-04 14:06:49,034 - scraper - INFO - ==================================================

2025-06-04 14:06:49,034 - scraper - INFO - Adding delay of 2.52 seconds
2025-06-04 14:06:53,644 - scraper - INFO - 
==================================================
2025-06-04 14:06:53,645 - scraper - INFO - DEBUG: Comment 12
2025-06-04 14:06:53,645 - scraper - INFO - ==================================================
2025-06-04 14:06:53,765 - scraper - INFO - date: 
2025-06-04 14:06:53,768 - scraper - INFO - likes: 0
2025-06-04 14:06:53,770 - scraper - INFO - ==================================================

2025-06-04 14:06:55,604 - scraper - INFO - 
==================================================
2025-06-04 14:06:55,605 - scraper - INFO - DEBUG: Comment 13
2025-06-04 14:06:55,606 - scraper - INFO - ==================================================
2025-06-04 14:06:55,632 - scraper - INFO - date: 
2025-06-04 14:06:55,632 - scraper - INFO - likes: 0
2025-06-04 14:06:55,632 - scraper - INFO - ==================================================

2025-06-04 14:06:55,633 - scraper - INFO - Adding delay of 4.53 seconds
2025-06-04 14:07:01,115 - scraper - INFO - 
==================================================
2025-06-04 14:07:01,118 - scraper - INFO - DEBUG: Comment 14
2025-06-04 14:07:01,118 - scraper - INFO - ==================================================
2025-06-04 14:07:02,644 - scraper - INFO - date: 
2025-06-04 14:07:02,754 - scraper - INFO - likes: 1
2025-06-04 14:07:02,914 - scraper - INFO - ==================================================

2025-06-04 14:07:06,930 - scraper - INFO - 
==================================================
2025-06-04 14:07:07,144 - scraper - INFO - DEBUG: Comment 15
2025-06-04 14:07:07,306 - scraper - INFO - ==================================================
2025-06-04 14:07:07,500 - scraper - INFO - username: EM
2025-06-04 14:07:08,414 - scraper - INFO - date: 
2025-06-04 14:07:08,416 - scraper - INFO - likes: 1
2025-06-04 14:07:08,417 - scraper - INFO - ==================================================

2025-06-04 14:07:10,622 - scraper - INFO - 
==================================================
2025-06-04 14:07:10,623 - scraper - INFO - DEBUG: Comment 16
2025-06-04 14:07:10,623 - scraper - INFO - ==================================================
2025-06-04 14:07:10,640 - scraper - INFO - date: 
2025-06-04 14:07:10,640 - scraper - INFO - likes: 5
2025-06-04 14:07:10,641 - scraper - INFO - ==================================================

2025-06-04 14:07:11,746 - scraper - INFO - 
==================================================
2025-06-04 14:07:11,747 - scraper - INFO - DEBUG: Comment 17
2025-06-04 14:07:11,747 - scraper - INFO - ==================================================
2025-06-04 14:07:11,758 - scraper - INFO - date: 
2025-06-04 14:07:11,759 - scraper - INFO - likes: 1
2025-06-04 14:07:11,759 - scraper - INFO - ==================================================

2025-06-04 14:07:11,760 - scraper - INFO - Adding delay of 3.12 seconds
2025-06-04 14:07:16,043 - scraper - INFO - 
==================================================
2025-06-04 14:07:16,044 - scraper - INFO - DEBUG: Comment 18
2025-06-04 14:07:16,049 - scraper - INFO - ==================================================
2025-06-04 14:07:16,058 - scraper - INFO - username: mkd
2025-06-04 14:07:16,196 - scraper - INFO - date: 
2025-06-04 14:07:16,206 - scraper - INFO - likes: 0
2025-06-04 14:07:16,236 - scraper - INFO - ==================================================

2025-06-04 14:07:16,424 - scraper - INFO - Adding delay of 3.94 seconds
2025-06-04 14:07:21,486 - scraper - INFO - 
==================================================
2025-06-04 14:07:21,488 - scraper - INFO - DEBUG: Comment 19
2025-06-04 14:07:21,489 - scraper - INFO - ==================================================
2025-06-04 14:07:21,502 - scraper - INFO - date: 
2025-06-04 14:07:21,502 - scraper - INFO - likes: 1
2025-06-04 14:07:21,504 - scraper - INFO - ==================================================

2025-06-04 14:07:21,522 - scraper - INFO - Adding delay of 2.56 seconds
2025-06-04 14:07:25,240 - scraper - INFO - 
==================================================
2025-06-04 14:07:25,242 - scraper - INFO - DEBUG: Comment 20
2025-06-04 14:07:25,242 - scraper - INFO - ==================================================
2025-06-04 14:07:25,342 - scraper - INFO - date: 
2025-06-04 14:07:25,343 - scraper - INFO - likes: 8
2025-06-04 14:07:25,347 - scraper - INFO - ==================================================

2025-06-04 14:07:25,352 - scraper - INFO - Scraped 20 comments for video 7
2025-06-04 14:07:25,353 - scraper - INFO - 
==================================================
2025-06-04 14:07:25,354 - scraper - INFO - DEBUG: Video Data
2025-06-04 14:07:25,355 - scraper - INFO - ==================================================
2025-06-04 14:07:25,391 - scraper - INFO - video_url: https://www.tiktok.com/@mariyam21rm/video/7489703255665069330
2025-06-04 14:07:25,426 - scraper - INFO - like: 24K
2025-06-04 14:07:25,428 - scraper - INFO - comment: 574
2025-06-04 14:07:25,429 - scraper - INFO - share: 1910
2025-06-04 14:07:25,431 - scraper - INFO - date: 4-5
2025-06-04 14:07:25,436 - scraper - INFO - username: @mariyam21rm
2025-06-04 14:07:25,508 - scraper - INFO - ==================================================

2025-06-04 14:07:25,512 - scraper - INFO - Processing video 8/12: https://www.tiktok.com/@yalew_adugna/video/7511935936830246149
2025-06-04 14:07:25,521 - scraper - INFO - Adding delay of 4.53 seconds
2025-06-04 14:08:25,161 - scraper - INFO - No popup/captcha detected
2025-06-04 14:08:25,593 - scraper - INFO - Attempting to scrape up to 50 comments...
2025-06-04 14:13:20,074 - scraper - INFO - 
==================================================
2025-06-04 14:13:20,081 - scraper - INFO - DEBUG: Comment 1
2025-06-04 14:13:20,082 - scraper - INFO - ==================================================
2025-06-04 14:13:20,082 - scraper - INFO - username: Lij Tensu
2025-06-04 14:13:20,105 - scraper - INFO - date: 6h ago
2025-06-04 14:13:20,106 - scraper - INFO - likes: 4
2025-06-04 14:13:20,106 - scraper - INFO - ==================================================

2025-06-04 14:13:20,106 - scraper - INFO - Adding delay of 3.36 seconds
2025-06-04 14:13:23,734 - scraper - INFO - 
==================================================
2025-06-04 14:13:23,736 - scraper - INFO - DEBUG: Comment 2
2025-06-04 14:13:23,736 - scraper - INFO - ==================================================
2025-06-04 14:13:23,737 - scraper - INFO - username: tigst fentie
2025-06-04 14:13:23,744 - scraper - INFO - date: 3h ago
2025-06-04 14:13:23,744 - scraper - INFO - likes: 2
2025-06-04 14:13:23,744 - scraper - INFO - ==================================================

2025-06-04 14:13:23,747 - scraper - INFO - Adding delay of 4.01 seconds
2025-06-04 14:13:27,990 - scraper - INFO - 
==================================================
2025-06-04 14:13:27,991 - scraper - INFO - DEBUG: Comment 3
2025-06-04 14:13:27,991 - scraper - INFO - ==================================================
2025-06-04 14:13:27,992 - scraper - INFO - username: Asmamaw
2025-06-04 14:13:27,997 - scraper - INFO - date: 35m ago
2025-06-04 14:13:27,998 - scraper - INFO - likes: 0
2025-06-04 14:13:27,998 - scraper - INFO - ==================================================

2025-06-04 14:13:27,999 - scraper - INFO - Adding delay of 4.79 seconds
2025-06-04 14:13:32,958 - scraper - INFO - 
==================================================
2025-06-04 14:13:32,958 - scraper - INFO - DEBUG: Comment 4
2025-06-04 14:13:32,959 - scraper - INFO - ==================================================
2025-06-04 14:13:32,959 - scraper - INFO - username: yeba2121
2025-06-04 14:13:32,965 - scraper - INFO - date: 2h ago
2025-06-04 14:13:32,965 - scraper - INFO - likes: 0
2025-06-04 14:13:32,965 - scraper - INFO - ==================================================

2025-06-04 14:13:32,966 - scraper - INFO - Adding delay of 3.80 seconds
2025-06-04 14:13:36,942 - scraper - INFO - 
==================================================
2025-06-04 14:13:36,943 - scraper - INFO - DEBUG: Comment 5
2025-06-04 14:13:36,943 - scraper - INFO - ==================================================
2025-06-04 14:13:36,944 - scraper - INFO - username: user5694979280161
2025-06-04 14:13:36,948 - scraper - INFO - date: 3h ago
2025-06-04 14:13:36,949 - scraper - INFO - likes: 0
2025-06-04 14:13:36,949 - scraper - INFO - ==================================================

2025-06-04 14:13:36,949 - scraper - INFO - Adding delay of 4.22 seconds
2025-06-04 14:13:41,415 - scraper - INFO - 
==================================================
2025-06-04 14:13:41,419 - scraper - INFO - DEBUG: Comment 6
2025-06-04 14:13:41,420 - scraper - INFO - ==================================================
2025-06-04 14:13:41,420 - scraper - INFO - username: Yalew Admas
2025-06-04 14:13:41,427 - scraper - INFO - date: 2h ago
2025-06-04 14:13:41,428 - scraper - INFO - likes: 0
2025-06-04 14:13:41,428 - scraper - INFO - ==================================================

2025-06-04 14:13:41,428 - scraper - INFO - Adding delay of 4.98 seconds
2025-06-04 14:13:46,628 - scraper - INFO - 
==================================================
2025-06-04 14:13:46,630 - scraper - INFO - DEBUG: Comment 7
2025-06-04 14:13:46,630 - scraper - INFO - ==================================================
2025-06-04 14:13:46,646 - scraper - INFO - date: 2h ago
2025-06-04 14:13:46,646 - scraper - INFO - likes: 0
2025-06-04 14:13:46,647 - scraper - INFO - ==================================================

2025-06-04 14:13:46,648 - scraper - INFO - Adding delay of 2.29 seconds
2025-06-04 14:13:49,413 - scraper - INFO - 
==================================================
2025-06-04 14:13:49,414 - scraper - INFO - DEBUG: Comment 8
2025-06-04 14:13:49,414 - scraper - INFO - ==================================================
2025-06-04 14:13:49,415 - scraper - INFO - username: abrham
2025-06-04 14:13:49,422 - scraper - INFO - date: 3h ago
2025-06-04 14:13:49,422 - scraper - INFO - likes: 0
2025-06-04 14:13:49,422 - scraper - INFO - ==================================================

2025-06-04 14:13:49,422 - scraper - INFO - Adding delay of 4.54 seconds
2025-06-04 14:13:54,197 - scraper - INFO - 
==================================================
2025-06-04 14:13:54,198 - scraper - INFO - DEBUG: Comment 9
2025-06-04 14:13:54,199 - scraper - INFO - ==================================================
2025-06-04 14:13:54,199 - scraper - INFO - username: yillll@@
2025-06-04 14:13:54,207 - scraper - INFO - date: 2h ago
2025-06-04 14:13:54,207 - scraper - INFO - likes: 0
2025-06-04 14:13:54,208 - scraper - INFO - ==================================================

2025-06-04 14:13:54,208 - scraper - INFO - Adding delay of 4.93 seconds
2025-06-04 14:13:59,291 - scraper - INFO - 
==================================================
2025-06-04 14:13:59,291 - scraper - INFO - DEBUG: Comment 10
2025-06-04 14:13:59,304 - scraper - INFO - ==================================================
2025-06-04 14:13:59,304 - scraper - INFO - username: EShetu Kasaw
2025-06-04 14:13:59,308 - scraper - INFO - date: 4h ago
2025-06-04 14:13:59,308 - scraper - INFO - likes: 0
2025-06-04 14:13:59,308 - scraper - INFO - ==================================================

2025-06-04 14:13:59,308 - scraper - INFO - Adding delay of 4.46 seconds
2025-06-04 14:14:03,935 - scraper - INFO - 
==================================================
2025-06-04 14:14:03,935 - scraper - INFO - DEBUG: Comment 11
2025-06-04 14:14:03,935 - scraper - INFO - ==================================================
2025-06-04 14:14:03,935 - scraper - INFO - username: Maru
2025-06-04 14:14:03,935 - scraper - INFO - date: 5h ago
2025-06-04 14:14:03,935 - scraper - INFO - likes: 0
2025-06-04 14:14:03,935 - scraper - INFO - ==================================================

2025-06-04 14:14:03,935 - scraper - INFO - Adding delay of 4.72 seconds
2025-06-04 14:14:08,844 - scraper - INFO - 
==================================================
2025-06-04 14:14:08,844 - scraper - INFO - DEBUG: Comment 12
2025-06-04 14:14:08,844 - scraper - INFO - ==================================================
2025-06-04 14:14:08,850 - scraper - INFO - date: 6h ago
2025-06-04 14:14:08,850 - scraper - INFO - likes: 0
2025-06-04 14:14:08,850 - scraper - INFO - ==================================================

2025-06-04 14:14:08,850 - scraper - INFO - Adding delay of 2.38 seconds
2025-06-04 14:14:11,411 - scraper - INFO - 
==================================================
2025-06-04 14:14:11,412 - scraper - INFO - DEBUG: Comment 13
2025-06-04 14:14:11,412 - scraper - INFO - ==================================================
2025-06-04 14:14:11,421 - scraper - INFO - date: 6h ago
2025-06-04 14:14:11,422 - scraper - INFO - likes: 0
2025-06-04 14:14:11,422 - scraper - INFO - ==================================================

2025-06-04 14:14:11,423 - scraper - INFO - Adding delay of 2.11 seconds
2025-06-04 14:14:13,765 - scraper - INFO - 
==================================================
2025-06-04 14:14:13,765 - scraper - INFO - DEBUG: Comment 14
2025-06-04 14:14:13,767 - scraper - INFO - ==================================================
2025-06-04 14:14:13,767 - scraper - INFO - username: beza
2025-06-04 14:14:13,777 - scraper - INFO - date: 6h ago
2025-06-04 14:14:13,778 - scraper - INFO - likes: 0
2025-06-04 14:14:13,778 - scraper - INFO - ==================================================

2025-06-04 14:14:13,779 - scraper - INFO - Adding delay of 4.79 seconds
2025-06-04 14:14:18,922 - scraper - INFO - 
==================================================
2025-06-04 14:14:18,922 - scraper - INFO - DEBUG: Comment 15
2025-06-04 14:14:18,923 - scraper - INFO - ==================================================
2025-06-04 14:14:18,940 - scraper - INFO - date: 1h ago
2025-06-04 14:14:18,942 - scraper - INFO - likes: 0
2025-06-04 14:14:18,949 - scraper - INFO - ==================================================

2025-06-04 14:14:18,950 - scraper - INFO - Adding delay of 4.33 seconds
2025-06-04 14:14:23,712 - scraper - INFO - 
==================================================
2025-06-04 14:14:23,713 - scraper - INFO - DEBUG: Comment 16
2025-06-04 14:14:23,713 - scraper - INFO - ==================================================
2025-06-04 14:14:23,730 - scraper - INFO - date: 2h ago
2025-06-04 14:14:23,731 - scraper - INFO - likes: 0
2025-06-04 14:14:23,731 - scraper - INFO - ==================================================

2025-06-04 14:14:23,732 - scraper - INFO - Adding delay of 3.77 seconds
2025-06-04 14:14:27,813 - scraper - INFO - 
==================================================
2025-06-04 14:14:27,815 - scraper - INFO - DEBUG: Comment 17
2025-06-04 14:14:27,815 - scraper - INFO - ==================================================
2025-06-04 14:14:27,995 - scraper - INFO - date: 3h ago
2025-06-04 14:14:28,000 - scraper - INFO - likes: 0
2025-06-04 14:14:28,003 - scraper - INFO - ==================================================

2025-06-04 14:14:28,011 - scraper - INFO - Adding delay of 4.30 seconds
2025-06-04 14:14:32,602 - scraper - INFO - 
==================================================
2025-06-04 14:14:32,602 - scraper - INFO - DEBUG: Comment 18
2025-06-04 14:14:32,602 - scraper - INFO - ==================================================
2025-06-04 14:14:32,614 - scraper - INFO - date: 6h ago
2025-06-04 14:14:32,616 - scraper - INFO - likes: 1
2025-06-04 14:14:32,616 - scraper - INFO - ==================================================

2025-06-04 14:14:32,616 - scraper - INFO - Adding delay of 3.15 seconds
2025-06-04 14:14:36,044 - scraper - INFO - 
==================================================
2025-06-04 14:14:36,044 - scraper - INFO - DEBUG: Comment 19
2025-06-04 14:14:36,047 - scraper - INFO - ==================================================
2025-06-04 14:14:36,047 - scraper - INFO - username: seni
2025-06-04 14:14:36,057 - scraper - INFO - date: 6h ago
2025-06-04 14:14:36,059 - scraper - INFO - likes: 1
2025-06-04 14:14:36,059 - scraper - INFO - ==================================================

2025-06-04 14:14:36,059 - scraper - INFO - Adding delay of 3.08 seconds
2025-06-04 14:14:39,354 - scraper - INFO - 
==================================================
2025-06-04 14:14:39,355 - scraper - INFO - DEBUG: Comment 20
2025-06-04 14:14:39,356 - scraper - INFO - ==================================================
2025-06-04 14:14:39,356 - scraper - INFO - username: ,
2025-06-04 14:14:39,366 - scraper - INFO - date: 2h ago
2025-06-04 14:14:39,367 - scraper - INFO - likes: 0
2025-06-04 14:14:39,368 - scraper - INFO - ==================================================

2025-06-04 14:14:39,369 - scraper - INFO - Adding delay of 2.12 seconds
2025-06-04 14:14:41,698 - scraper - INFO - 
==================================================
2025-06-04 14:14:41,698 - scraper - INFO - DEBUG: Comment 21
2025-06-04 14:14:41,698 - scraper - INFO - ==================================================
2025-06-04 14:14:41,713 - scraper - INFO - date: 2h ago
2025-06-04 14:14:41,713 - scraper - INFO - likes: 0
2025-06-04 14:14:41,713 - scraper - INFO - ==================================================

2025-06-04 14:14:41,716 - scraper - INFO - Adding delay of 4.75 seconds
2025-06-04 14:14:46,655 - scraper - INFO - 
==================================================
2025-06-04 14:14:46,655 - scraper - INFO - DEBUG: Comment 22
2025-06-04 14:14:46,659 - scraper - INFO - ==================================================
2025-06-04 14:14:46,659 - scraper - INFO - username: tezta
2025-06-04 14:14:46,659 - scraper - INFO - date: 2h ago
2025-06-04 14:14:46,659 - scraper - INFO - likes: 0
2025-06-04 14:14:46,659 - scraper - INFO - ==================================================

2025-06-04 14:14:46,667 - scraper - INFO - Adding delay of 3.98 seconds
2025-06-04 14:14:50,900 - scraper - INFO - 
==================================================
2025-06-04 14:14:50,902 - scraper - INFO - DEBUG: Comment 23
2025-06-04 14:14:50,903 - scraper - INFO - ==================================================
2025-06-04 14:14:50,903 - scraper - INFO - username: Mkedi Love
2025-06-04 14:14:50,907 - scraper - INFO - date: 3h ago
2025-06-04 14:14:50,910 - scraper - INFO - likes: 0
2025-06-04 14:14:50,911 - scraper - INFO - ==================================================

2025-06-04 14:14:50,911 - scraper - INFO - Adding delay of 3.71 seconds
2025-06-04 14:14:54,837 - scraper - INFO - 
==================================================
2025-06-04 14:14:54,838 - scraper - INFO - DEBUG: Comment 24
2025-06-04 14:14:54,838 - scraper - INFO - ==================================================
2025-06-04 14:14:54,852 - scraper - INFO - date: 3h ago
2025-06-04 14:14:54,853 - scraper - INFO - likes: 0
2025-06-04 14:14:54,853 - scraper - INFO - ==================================================

2025-06-04 14:14:54,854 - scraper - INFO - Adding delay of 2.89 seconds
2025-06-04 14:14:57,962 - scraper - INFO - 
==================================================
2025-06-04 14:14:57,962 - scraper - INFO - DEBUG: Comment 25
2025-06-04 14:14:57,962 - scraper - INFO - ==================================================
2025-06-04 14:14:57,975 - scraper - INFO - date: 3h ago
2025-06-04 14:14:57,975 - scraper - INFO - likes: 0
2025-06-04 14:14:57,976 - scraper - INFO - ==================================================

2025-06-04 14:14:57,976 - scraper - INFO - Adding delay of 3.02 seconds
2025-06-04 14:15:01,234 - scraper - INFO - 
==================================================
2025-06-04 14:15:01,237 - scraper - INFO - DEBUG: Comment 26
2025-06-04 14:15:01,237 - scraper - INFO - ==================================================
2025-06-04 14:15:01,349 - scraper - INFO - date: 4h ago
2025-06-04 14:15:01,363 - scraper - INFO - likes: 0
2025-06-04 14:15:01,364 - scraper - INFO - ==================================================

2025-06-04 14:15:01,377 - scraper - INFO - Adding delay of 4.80 seconds
2025-06-04 14:15:06,419 - scraper - INFO - 
==================================================
2025-06-04 14:15:06,420 - scraper - INFO - DEBUG: Comment 27
2025-06-04 14:15:06,420 - scraper - INFO - ==================================================
2025-06-04 14:15:06,421 - scraper - INFO - username: Yaze
2025-06-04 14:15:06,429 - scraper - INFO - date: 4h ago
2025-06-04 14:15:06,429 - scraper - INFO - likes: 0
2025-06-04 14:15:06,429 - scraper - INFO - ==================================================

2025-06-04 14:15:06,430 - scraper - INFO - Adding delay of 2.84 seconds
2025-06-04 14:15:09,554 - scraper - INFO - 
==================================================
2025-06-04 14:15:09,554 - scraper - INFO - DEBUG: Comment 28
2025-06-04 14:15:09,554 - scraper - INFO - ==================================================
2025-06-04 14:15:09,554 - scraper - INFO - username: Fatma Indris
2025-06-04 14:15:09,554 - scraper - INFO - date: 5h ago
2025-06-04 14:15:09,554 - scraper - INFO - likes: 0
2025-06-04 14:15:09,554 - scraper - INFO - ==================================================

2025-06-04 14:15:09,554 - scraper - INFO - Adding delay of 3.23 seconds
2025-06-04 14:15:13,144 - scraper - INFO - 
==================================================
2025-06-04 14:15:13,144 - scraper - INFO - DEBUG: Comment 29
2025-06-04 14:15:13,144 - scraper - INFO - ==================================================
2025-06-04 14:15:13,175 - scraper - INFO - date: 5h ago
2025-06-04 14:15:13,187 - scraper - INFO - likes: 0
2025-06-04 14:15:13,196 - scraper - INFO - ==================================================

2025-06-04 14:15:13,198 - scraper - INFO - Adding delay of 4.06 seconds
2025-06-04 14:15:17,541 - scraper - INFO - 
==================================================
2025-06-04 14:15:17,543 - scraper - INFO - DEBUG: Comment 30
2025-06-04 14:15:17,543 - scraper - INFO - ==================================================
2025-06-04 14:15:17,545 - scraper - INFO - username: mulat admassu
2025-06-04 14:15:17,581 - scraper - INFO - date: 5h ago
2025-06-04 14:15:17,581 - scraper - INFO - likes: 0
2025-06-04 14:15:17,584 - scraper - INFO - ==================================================

2025-06-04 14:15:17,589 - scraper - INFO - Adding delay of 3.20 seconds
2025-06-04 14:15:21,232 - scraper - INFO - 
==================================================
2025-06-04 14:15:21,233 - scraper - INFO - DEBUG: Comment 31
2025-06-04 14:15:21,234 - scraper - INFO - ==================================================
2025-06-04 14:15:21,234 - scraper - INFO - username: Mesirat
2025-06-04 14:15:21,246 - scraper - INFO - date: 5h ago
2025-06-04 14:15:21,247 - scraper - INFO - likes: 0
2025-06-04 14:15:21,248 - scraper - INFO - ==================================================

2025-06-04 14:15:21,249 - scraper - INFO - Adding delay of 4.97 seconds
2025-06-04 14:15:26,922 - scraper - INFO - 
==================================================
2025-06-04 14:15:26,923 - scraper - INFO - DEBUG: Comment 32
2025-06-04 14:15:26,923 - scraper - INFO - ==================================================
2025-06-04 14:15:26,923 - scraper - INFO - username: Tadlo Tefera
2025-06-04 14:15:26,934 - scraper - INFO - date: 5h ago
2025-06-04 14:15:26,935 - scraper - INFO - likes: 0
2025-06-04 14:15:26,935 - scraper - INFO - ==================================================

2025-06-04 14:15:26,936 - scraper - INFO - Adding delay of 3.34 seconds
2025-06-04 14:15:30,664 - scraper - INFO - 
==================================================
2025-06-04 14:15:30,668 - scraper - INFO - DEBUG: Comment 33
2025-06-04 14:15:30,669 - scraper - INFO - ==================================================
2025-06-04 14:15:30,670 - scraper - INFO - username: melaku19
2025-06-04 14:15:30,685 - scraper - INFO - date: 5h ago
2025-06-04 14:15:30,685 - scraper - INFO - likes: 0
2025-06-04 14:15:30,687 - scraper - INFO - ==================================================

2025-06-04 14:15:30,687 - scraper - INFO - Adding delay of 2.78 seconds
2025-06-04 14:15:33,993 - scraper - INFO - 
==================================================
2025-06-04 14:15:33,996 - scraper - INFO - DEBUG: Comment 34
2025-06-04 14:15:33,996 - scraper - INFO - ==================================================
2025-06-04 14:15:33,997 - scraper - INFO - username: tegen
2025-06-04 14:15:34,091 - scraper - INFO - date: 6h ago
2025-06-04 14:15:34,097 - scraper - INFO - likes: 0
2025-06-04 14:15:34,098 - scraper - INFO - ==================================================

2025-06-04 14:15:34,111 - scraper - INFO - Adding delay of 4.64 seconds
2025-06-04 14:15:39,114 - scraper - INFO - 
==================================================
2025-06-04 14:15:39,114 - scraper - INFO - DEBUG: Comment 35
2025-06-04 14:15:39,114 - scraper - INFO - ==================================================
2025-06-04 14:15:39,143 - scraper - INFO - date: 6h ago
2025-06-04 14:15:39,143 - scraper - INFO - likes: 0
2025-06-04 14:15:39,143 - scraper - INFO - ==================================================

2025-06-04 14:15:39,143 - scraper - INFO - Adding delay of 4.76 seconds
2025-06-04 14:15:44,524 - scraper - INFO - 
==================================================
2025-06-04 14:15:44,526 - scraper - INFO - DEBUG: Comment 36
2025-06-04 14:15:44,526 - scraper - INFO - ==================================================
2025-06-04 14:15:44,713 - scraper - INFO - date: 6h ago
2025-06-04 14:15:44,713 - scraper - INFO - likes: 0
2025-06-04 14:15:44,713 - scraper - INFO - ==================================================

2025-06-04 14:15:44,722 - scraper - INFO - Adding delay of 2.59 seconds
2025-06-04 14:15:47,660 - scraper - INFO - 
==================================================
2025-06-04 14:15:47,660 - scraper - INFO - DEBUG: Comment 37
2025-06-04 14:15:47,661 - scraper - INFO - ==================================================
2025-06-04 14:15:47,661 - scraper - INFO - username: gechet7
2025-06-04 14:15:47,682 - scraper - INFO - date: 4h ago
2025-06-04 14:15:47,687 - scraper - INFO - likes: 0
2025-06-04 14:15:47,690 - scraper - INFO - ==================================================

2025-06-04 14:15:47,693 - scraper - INFO - Scraped 37 comments for video 8
2025-06-04 14:15:47,693 - scraper - INFO - 
==================================================
2025-06-04 14:15:47,697 - scraper - INFO - DEBUG: Video Data
2025-06-04 14:15:47,698 - scraper - INFO - ==================================================
2025-06-04 14:15:47,726 - scraper - INFO - video_url: https://www.tiktok.com/@yalew_adugna/video/7511935936830246149
2025-06-04 14:15:47,726 - scraper - INFO - like: 615
2025-06-04 14:15:47,726 - scraper - INFO - comment: 54
2025-06-04 14:15:47,726 - scraper - INFO - share: 11
2025-06-04 14:15:47,726 - scraper - INFO - date: 7h ago
2025-06-04 14:15:47,726 - scraper - INFO - username: @yalew_adugna
2025-06-04 14:15:48,166 - scraper - INFO - ==================================================

2025-06-04 14:15:48,211 - scraper - INFO - Processing video 9/12: https://www.tiktok.com/@abastal/video/7342402389086883078
2025-06-04 14:15:48,211 - scraper - INFO - Adding delay of 2.96 seconds
2025-06-04 14:16:47,534 - scraper - INFO - No popup/captcha detected
2025-06-04 14:16:47,819 - scraper - INFO - Attempting to scrape up to 50 comments...
2025-06-04 14:17:36,612 - scraper - INFO - 
==================================================
2025-06-04 14:17:36,616 - scraper - INFO - DEBUG: Comment 1
2025-06-04 14:17:36,616 - scraper - INFO - ==================================================
2025-06-04 14:17:36,617 - scraper - INFO - username: netsanet tsehay
2025-06-04 14:17:36,677 - scraper - INFO - date: 
2025-06-04 14:17:36,682 - scraper - INFO - likes: 2
2025-06-04 14:17:36,683 - scraper - INFO - ==================================================

2025-06-04 14:17:36,685 - scraper - INFO - Adding delay of 4.34 seconds
2025-06-04 14:17:41,306 - scraper - INFO - 
==================================================
2025-06-04 14:17:41,307 - scraper - INFO - DEBUG: Comment 2
2025-06-04 14:17:41,307 - scraper - INFO - ==================================================
2025-06-04 14:17:41,308 - scraper - INFO - username: oro digital 16
2025-06-04 14:17:41,315 - scraper - INFO - date: 4d ago
2025-06-04 14:17:41,316 - scraper - INFO - likes: 0
2025-06-04 14:17:41,316 - scraper - INFO - ==================================================

2025-06-04 14:17:41,317 - scraper - INFO - Adding delay of 4.87 seconds
2025-06-04 14:17:46,400 - scraper - INFO - 
==================================================
2025-06-04 14:17:46,401 - scraper - INFO - DEBUG: Comment 3
2025-06-04 14:17:46,401 - scraper - INFO - ==================================================
2025-06-04 14:17:46,402 - scraper - INFO - username: habtie
2025-06-04 14:17:46,411 - scraper - INFO - date: 6d ago
2025-06-04 14:17:46,411 - scraper - INFO - likes: 0
2025-06-04 14:17:46,413 - scraper - INFO - ==================================================

2025-06-04 14:17:46,413 - scraper - INFO - Adding delay of 2.16 seconds
2025-06-04 14:17:49,396 - scraper - INFO - 
==================================================
2025-06-04 14:17:49,397 - scraper - INFO - DEBUG: Comment 4
2025-06-04 14:17:49,397 - scraper - INFO - ==================================================
2025-06-04 14:17:49,397 - scraper - INFO - username: Daniel Abate
2025-06-04 14:17:49,408 - scraper - INFO - date: 
2025-06-04 14:17:49,408 - scraper - INFO - likes: 0
2025-06-04 14:17:49,409 - scraper - INFO - ==================================================

2025-06-04 14:17:49,409 - scraper - INFO - Adding delay of 4.34 seconds
2025-06-04 14:17:54,454 - scraper - INFO - 
==================================================
2025-06-04 14:17:54,455 - scraper - INFO - DEBUG: Comment 5
2025-06-04 14:17:54,455 - scraper - INFO - ==================================================
2025-06-04 14:17:54,455 - scraper - INFO - username: Mersha Wase
2025-06-04 14:17:54,462 - scraper - INFO - date: 
2025-06-04 14:17:54,463 - scraper - INFO - likes: 0
2025-06-04 14:17:54,463 - scraper - INFO - ==================================================

2025-06-04 14:17:54,464 - scraper - INFO - Adding delay of 4.01 seconds
2025-06-04 14:17:59,253 - scraper - INFO - 
==================================================
2025-06-04 14:17:59,255 - scraper - INFO - DEBUG: Comment 6
2025-06-04 14:17:59,255 - scraper - INFO - ==================================================
2025-06-04 14:17:59,256 - scraper - INFO - username: tsfaw377
2025-06-04 14:17:59,710 - scraper - INFO - date: 
2025-06-04 14:17:59,715 - scraper - INFO - likes: 0
2025-06-04 14:17:59,716 - scraper - INFO - ==================================================

2025-06-04 14:17:59,718 - scraper - INFO - Adding delay of 3.10 seconds
2025-06-04 14:18:03,585 - scraper - INFO - 
==================================================
2025-06-04 14:18:03,585 - scraper - INFO - DEBUG: Comment 7
2025-06-04 14:18:03,586 - scraper - INFO - ==================================================
2025-06-04 14:18:03,586 - scraper - INFO - username: Tsega
2025-06-04 14:18:03,593 - scraper - INFO - date: 
2025-06-04 14:18:03,593 - scraper - INFO - likes: 0
2025-06-04 14:18:03,594 - scraper - INFO - ==================================================

2025-06-04 14:18:03,594 - scraper - INFO - Adding delay of 2.82 seconds
2025-06-04 14:18:07,026 - scraper - INFO - 
==================================================
2025-06-04 14:18:07,027 - scraper - INFO - DEBUG: Comment 8
2025-06-04 14:18:07,027 - scraper - INFO - ==================================================
2025-06-04 14:18:07,027 - scraper - INFO - username: MinilikTikursew57
2025-06-04 14:18:07,033 - scraper - INFO - date: 
2025-06-04 14:18:07,034 - scraper - INFO - likes: 0
2025-06-04 14:18:07,034 - scraper - INFO - ==================================================

2025-06-04 14:18:07,036 - scraper - INFO - Adding delay of 2.75 seconds
2025-06-04 14:18:10,545 - scraper - INFO - 
==================================================
2025-06-04 14:18:10,547 - scraper - INFO - DEBUG: Comment 9
2025-06-04 14:18:10,547 - scraper - INFO - ==================================================
2025-06-04 14:18:10,548 - scraper - INFO - username: tegokebde
2025-06-04 14:18:10,556 - scraper - INFO - date: 
2025-06-04 14:18:10,556 - scraper - INFO - likes: 0
2025-06-04 14:18:10,556 - scraper - INFO - ==================================================

2025-06-04 14:18:10,558 - scraper - INFO - Adding delay of 2.03 seconds
2025-06-04 14:18:13,366 - scraper - INFO - 
==================================================
2025-06-04 14:18:13,366 - scraper - INFO - DEBUG: Comment 10
2025-06-04 14:18:13,367 - scraper - INFO - ==================================================
2025-06-04 14:18:13,368 - scraper - INFO - username: user2291773155494
2025-06-04 14:18:13,393 - scraper - INFO - date: 
2025-06-04 14:18:13,401 - scraper - INFO - likes: 0
2025-06-04 14:18:13,403 - scraper - INFO - ==================================================

2025-06-04 14:18:13,404 - scraper - INFO - Adding delay of 4.44 seconds
2025-06-04 14:18:18,592 - scraper - INFO - 
==================================================
2025-06-04 14:18:18,593 - scraper - INFO - DEBUG: Comment 11
2025-06-04 14:18:18,593 - scraper - INFO - ==================================================
2025-06-04 14:18:18,594 - scraper - INFO - username: user2411491722272
2025-06-04 14:18:18,608 - scraper - INFO - date: 
2025-06-04 14:18:18,609 - scraper - INFO - likes: 0
2025-06-04 14:18:18,609 - scraper - INFO - ==================================================

2025-06-04 14:18:18,610 - scraper - INFO - Adding delay of 4.26 seconds
2025-06-04 14:18:23,600 - scraper - INFO - 
==================================================
2025-06-04 14:18:23,601 - scraper - INFO - DEBUG: Comment 12
2025-06-04 14:18:23,601 - scraper - INFO - ==================================================
2025-06-04 14:18:23,602 - scraper - INFO - username: Eyob
2025-06-04 14:18:23,606 - scraper - INFO - date: 
2025-06-04 14:18:23,607 - scraper - INFO - likes: 0
2025-06-04 14:18:23,607 - scraper - INFO - ==================================================

2025-06-04 14:18:23,608 - scraper - INFO - Adding delay of 2.74 seconds
2025-06-04 14:18:27,096 - scraper - INFO - 
==================================================
2025-06-04 14:18:27,096 - scraper - INFO - DEBUG: Comment 13
2025-06-04 14:18:27,097 - scraper - INFO - ==================================================
2025-06-04 14:18:27,097 - scraper - INFO - username: Tsega
2025-06-04 14:18:27,103 - scraper - INFO - date: 
2025-06-04 14:18:27,104 - scraper - INFO - likes: 0
2025-06-04 14:18:27,104 - scraper - INFO - ==================================================

2025-06-04 14:18:27,105 - scraper - INFO - Adding delay of 4.37 seconds
2025-06-04 14:18:31,694 - scraper - INFO - 
==================================================
2025-06-04 14:18:31,694 - scraper - INFO - DEBUG: Comment 14
2025-06-04 14:18:31,695 - scraper - INFO - ==================================================
2025-06-04 14:18:31,701 - scraper - INFO - date: 15h ago
2025-06-04 14:18:31,701 - scraper - INFO - likes: 0
2025-06-04 14:18:31,701 - scraper - INFO - ==================================================

2025-06-04 14:18:31,701 - scraper - INFO - Adding delay of 3.93 seconds
2025-06-04 14:18:35,857 - scraper - INFO - 
==================================================
2025-06-04 14:18:35,858 - scraper - INFO - DEBUG: Comment 15
2025-06-04 14:18:35,858 - scraper - INFO - ==================================================
2025-06-04 14:18:35,858 - scraper - INFO - username: Zelalem Tachawut
2025-06-04 14:18:35,865 - scraper - INFO - date: 4d ago
2025-06-04 14:18:35,865 - scraper - INFO - likes: 0
2025-06-04 14:18:35,867 - scraper - INFO - ==================================================

2025-06-04 14:18:35,867 - scraper - INFO - Adding delay of 4.23 seconds
2025-06-04 14:18:40,866 - scraper - INFO - 
==================================================
2025-06-04 14:18:40,868 - scraper - INFO - DEBUG: Comment 16
2025-06-04 14:18:40,868 - scraper - INFO - ==================================================
2025-06-04 14:18:40,880 - scraper - INFO - date: 
2025-06-04 14:18:40,880 - scraper - INFO - likes: 0
2025-06-04 14:18:40,880 - scraper - INFO - ==================================================

2025-06-04 14:18:40,880 - scraper - INFO - Adding delay of 3.30 seconds
2025-06-04 14:18:44,861 - scraper - INFO - 
==================================================
2025-06-04 14:18:44,862 - scraper - INFO - DEBUG: Comment 17
2025-06-04 14:18:44,862 - scraper - INFO - ==================================================
2025-06-04 14:18:44,863 - scraper - INFO - username: shime
2025-06-04 14:18:44,873 - scraper - INFO - date: 
2025-06-04 14:18:44,873 - scraper - INFO - likes: 0
2025-06-04 14:18:44,873 - scraper - INFO - ==================================================

2025-06-04 14:18:44,874 - scraper - INFO - Adding delay of 4.18 seconds
2025-06-04 14:18:49,289 - scraper - INFO - 
==================================================
2025-06-04 14:18:49,290 - scraper - INFO - DEBUG: Comment 18
2025-06-04 14:18:49,290 - scraper - INFO - ==================================================
2025-06-04 14:18:49,291 - scraper - INFO - username: Feben
2025-06-04 14:18:49,296 - scraper - INFO - date: 3d ago
2025-06-04 14:18:49,297 - scraper - INFO - likes: 0
2025-06-04 14:18:49,297 - scraper - INFO - ==================================================

2025-06-04 14:18:49,297 - scraper - INFO - Adding delay of 2.35 seconds
2025-06-04 14:18:52,540 - scraper - INFO - 
==================================================
2025-06-04 14:18:52,540 - scraper - INFO - DEBUG: Comment 19
2025-06-04 14:18:52,540 - scraper - INFO - ==================================================
2025-06-04 14:18:52,540 - scraper - INFO - username: asmamaw furnicher
2025-06-04 14:18:52,559 - scraper - INFO - date: 
2025-06-04 14:18:52,560 - scraper - INFO - likes: 0
2025-06-04 14:18:52,561 - scraper - INFO - ==================================================

2025-06-04 14:18:52,563 - scraper - INFO - Scraped 19 comments for video 9
2025-06-04 14:18:52,565 - scraper - INFO - 
==================================================
2025-06-04 14:18:52,565 - scraper - INFO - DEBUG: Video Data
2025-06-04 14:18:52,567 - scraper - INFO - ==================================================
2025-06-04 14:18:52,586 - scraper - INFO - video_url: https://www.tiktok.com/@abastal/video/7342402389086883078
2025-06-04 14:18:52,586 - scraper - INFO - like: 322
2025-06-04 14:18:52,590 - scraper - INFO - comment: 33
2025-06-04 14:18:52,592 - scraper - INFO - share: 77
2025-06-04 14:18:52,592 - scraper - INFO - date: 2024-3-4
2025-06-04 14:18:52,592 - scraper - INFO - username: @abastal
2025-06-04 14:18:52,635 - scraper - INFO - ==================================================

2025-06-04 14:18:52,635 - scraper - INFO - Processing video 10/12: https://www.tiktok.com/@isayas_family/video/7497254862095289623
2025-06-04 14:18:52,635 - scraper - INFO - Adding delay of 2.21 seconds
2025-06-04 14:19:41,983 - scraper - INFO - No popup/captcha detected
2025-06-04 14:19:42,366 - scraper - INFO - Attempting to scrape up to 50 comments...
2025-06-04 14:20:19,240 - scraper - INFO - 
==================================================
2025-06-04 14:20:19,242 - scraper - INFO - DEBUG: Comment 1
2025-06-04 14:20:19,242 - scraper - INFO - ==================================================
2025-06-04 14:20:19,243 - scraper - INFO - username: SSSS TDF
2025-06-04 14:20:19,253 - scraper - INFO - date: 
2025-06-04 14:20:19,254 - scraper - INFO - likes: 165
2025-06-04 14:20:19,254 - scraper - INFO - ==================================================

2025-06-04 14:20:19,255 - scraper - INFO - Adding delay of 2.86 seconds
2025-06-04 14:20:23,044 - scraper - INFO - 
==================================================
2025-06-04 14:20:23,044 - scraper - INFO - DEBUG: Comment 2
2025-06-04 14:20:23,045 - scraper - INFO - ==================================================
2025-06-04 14:20:23,045 - scraper - INFO - username: john
2025-06-04 14:20:23,053 - scraper - INFO - date: 
2025-06-04 14:20:23,055 - scraper - INFO - likes: 361
2025-06-04 14:20:23,055 - scraper - INFO - ==================================================

2025-06-04 14:20:23,056 - scraper - INFO - Adding delay of 2.86 seconds
2025-06-04 14:20:26,130 - scraper - INFO - 
==================================================
2025-06-04 14:20:26,130 - scraper - INFO - DEBUG: Comment 3
2025-06-04 14:20:26,131 - scraper - INFO - ==================================================
2025-06-04 14:20:26,144 - scraper - INFO - date: 1d ago
2025-06-04 14:20:26,144 - scraper - INFO - likes: 0
2025-06-04 14:20:26,145 - scraper - INFO - ==================================================

2025-06-04 14:20:26,145 - scraper - INFO - Adding delay of 3.17 seconds
2025-06-04 14:20:30,090 - scraper - INFO - 
==================================================
2025-06-04 14:20:30,091 - scraper - INFO - DEBUG: Comment 4
2025-06-04 14:20:30,092 - scraper - INFO - ==================================================
2025-06-04 14:20:30,093 - scraper - INFO - username: danielphawlos
2025-06-04 14:20:30,111 - scraper - INFO - date: 
2025-06-04 14:20:30,113 - scraper - INFO - likes: 40
2025-06-04 14:20:30,115 - scraper - INFO - ==================================================

2025-06-04 14:20:30,117 - scraper - INFO - Adding delay of 4.47 seconds
2025-06-04 14:20:35,449 - scraper - INFO - 
==================================================
2025-06-04 14:20:35,450 - scraper - INFO - DEBUG: Comment 5
2025-06-04 14:20:35,450 - scraper - INFO - ==================================================
2025-06-04 14:20:35,451 - scraper - INFO - username: seni
2025-06-04 14:20:35,458 - scraper - INFO - date: 
2025-06-04 14:20:35,458 - scraper - INFO - likes: 1
2025-06-04 14:20:35,459 - scraper - INFO - ==================================================

2025-06-04 14:20:35,460 - scraper - INFO - Adding delay of 4.36 seconds
2025-06-04 14:20:40,617 - scraper - INFO - 
==================================================
2025-06-04 14:20:40,617 - scraper - INFO - DEBUG: Comment 6
2025-06-04 14:20:40,618 - scraper - INFO - ==================================================
2025-06-04 14:20:40,618 - scraper - INFO - username: mesiw11
2025-06-04 14:20:40,622 - scraper - INFO - date: 
2025-06-04 14:20:40,624 - scraper - INFO - likes: 3
2025-06-04 14:20:40,624 - scraper - INFO - ==================================================

2025-06-04 14:20:40,624 - scraper - INFO - Adding delay of 2.78 seconds
2025-06-04 14:20:44,118 - scraper - INFO - 
==================================================
2025-06-04 14:20:44,119 - scraper - INFO - DEBUG: Comment 7
2025-06-04 14:20:44,119 - scraper - INFO - ==================================================
2025-06-04 14:20:44,133 - scraper - INFO - date: 
2025-06-04 14:20:44,133 - scraper - INFO - likes: 28
2025-06-04 14:20:44,133 - scraper - INFO - ==================================================

2025-06-04 14:20:44,134 - scraper - INFO - Adding delay of 3.28 seconds
2025-06-04 14:20:48,149 - scraper - INFO - 
==================================================
2025-06-04 14:20:48,150 - scraper - INFO - DEBUG: Comment 8
2025-06-04 14:20:48,150 - scraper - INFO - ==================================================
2025-06-04 14:20:48,151 - scraper - INFO - username: Meskerem Tesfaye371
2025-06-04 14:20:48,157 - scraper - INFO - date: 
2025-06-04 14:20:48,158 - scraper - INFO - likes: 10
2025-06-04 14:20:48,158 - scraper - INFO - ==================================================

2025-06-04 14:20:48,158 - scraper - INFO - Adding delay of 2.17 seconds
2025-06-04 14:20:50,517 - scraper - INFO - 
==================================================
2025-06-04 14:20:50,517 - scraper - INFO - DEBUG: Comment 9
2025-06-04 14:20:50,517 - scraper - INFO - ==================================================
2025-06-04 14:20:50,559 - scraper - INFO - date: 18h ago
2025-06-04 14:20:50,561 - scraper - INFO - likes: 0
2025-06-04 14:20:50,564 - scraper - INFO - ==================================================

2025-06-04 14:20:50,566 - scraper - INFO - Adding delay of 2.37 seconds
2025-06-04 14:20:53,602 - scraper - INFO - 
==================================================
2025-06-04 14:20:53,602 - scraper - INFO - DEBUG: Comment 10
2025-06-04 14:20:53,603 - scraper - INFO - ==================================================
2025-06-04 14:20:53,609 - scraper - INFO - date: 
2025-06-04 14:20:53,609 - scraper - INFO - likes: 29
2025-06-04 14:20:53,609 - scraper - INFO - ==================================================

2025-06-04 14:20:53,609 - scraper - INFO - Adding delay of 2.37 seconds
2025-06-04 14:20:56,552 - scraper - INFO - 
==================================================
2025-06-04 14:20:56,552 - scraper - INFO - DEBUG: Comment 11
2025-06-04 14:20:56,554 - scraper - INFO - ==================================================
2025-06-04 14:20:56,554 - scraper - INFO - username: Birukcoffee
2025-06-04 14:20:56,556 - scraper - INFO - date: 
2025-06-04 14:20:56,556 - scraper - INFO - likes: 1
2025-06-04 14:20:56,556 - scraper - INFO - ==================================================

2025-06-04 14:20:56,556 - scraper - INFO - Adding delay of 3.06 seconds
2025-06-04 14:21:00,285 - scraper - INFO - 
==================================================
2025-06-04 14:21:00,286 - scraper - INFO - DEBUG: Comment 12
2025-06-04 14:21:00,286 - scraper - INFO - ==================================================
2025-06-04 14:21:00,286 - scraper - INFO - username: blak man
2025-06-04 14:21:00,304 - scraper - INFO - date: 
2025-06-04 14:21:00,305 - scraper - INFO - likes: 1
2025-06-04 14:21:00,306 - scraper - INFO - ==================================================

2025-06-04 14:21:00,308 - scraper - INFO - Adding delay of 2.41 seconds
2025-06-04 14:21:03,357 - scraper - INFO - 
==================================================
2025-06-04 14:21:03,357 - scraper - INFO - DEBUG: Comment 13
2025-06-04 14:21:03,358 - scraper - INFO - ==================================================
2025-06-04 14:21:03,358 - scraper - INFO - username: Adugna Tade Js
2025-06-04 14:21:03,364 - scraper - INFO - date: 
2025-06-04 14:21:03,364 - scraper - INFO - likes: 12
2025-06-04 14:21:03,364 - scraper - INFO - ==================================================

2025-06-04 14:21:03,365 - scraper - INFO - Adding delay of 4.53 seconds
2025-06-04 14:21:08,535 - scraper - INFO - 
==================================================
2025-06-04 14:21:08,535 - scraper - INFO - DEBUG: Comment 14
2025-06-04 14:21:08,537 - scraper - INFO - ==================================================
2025-06-04 14:21:08,537 - scraper - INFO - username: Yotor21
2025-06-04 14:21:08,543 - scraper - INFO - date: 
2025-06-04 14:21:08,543 - scraper - INFO - likes: 1
2025-06-04 14:21:08,543 - scraper - INFO - ==================================================

2025-06-04 14:21:08,543 - scraper - INFO - Adding delay of 3.32 seconds
2025-06-04 14:21:12,903 - scraper - INFO - 
==================================================
2025-06-04 14:21:12,904 - scraper - INFO - DEBUG: Comment 15
2025-06-04 14:21:12,905 - scraper - INFO - ==================================================
2025-06-04 14:21:12,905 - scraper - INFO - username: Misge Eba classic
2025-06-04 14:21:12,914 - scraper - INFO - date: 
2025-06-04 14:21:12,915 - scraper - INFO - likes: 1
2025-06-04 14:21:12,915 - scraper - INFO - ==================================================

2025-06-04 14:21:12,916 - scraper - INFO - Adding delay of 3.38 seconds
2025-06-04 14:21:17,409 - scraper - INFO - 
==================================================
2025-06-04 14:21:17,409 - scraper - INFO - DEBUG: Comment 16
2025-06-04 14:21:17,409 - scraper - INFO - ==================================================
2025-06-04 14:21:17,591 - scraper - INFO - date: 
2025-06-04 14:21:17,596 - scraper - INFO - likes: 2
2025-06-04 14:21:17,598 - scraper - INFO - ==================================================

2025-06-04 14:21:17,602 - scraper - INFO - Adding delay of 2.12 seconds
2025-06-04 14:21:22,057 - scraper - INFO - 
==================================================
2025-06-04 14:21:22,062 - scraper - INFO - DEBUG: Comment 17
2025-06-04 14:21:22,062 - scraper - INFO - ==================================================
2025-06-04 14:21:22,132 - scraper - INFO - username: Z
2025-06-04 14:21:22,247 - scraper - INFO - text: tenefa yebushty ljjjj
2025-06-04 14:21:22,365 - scraper - INFO - date: 
2025-06-04 14:21:22,427 - scraper - INFO - likes: 3
2025-06-04 14:21:22,628 - scraper - INFO - ==================================================

2025-06-04 14:21:24,625 - scraper - INFO - 
==================================================
2025-06-04 14:21:24,626 - scraper - INFO - DEBUG: Comment 18
2025-06-04 14:21:24,626 - scraper - INFO - ==================================================
2025-06-04 14:21:24,627 - scraper - INFO - username: Orthodox
2025-06-04 14:21:24,633 - scraper - INFO - date: 
2025-06-04 14:21:24,633 - scraper - INFO - likes: 1
2025-06-04 14:21:24,633 - scraper - INFO - ==================================================

2025-06-04 14:21:24,634 - scraper - INFO - Adding delay of 2.39 seconds
2025-06-04 14:21:27,784 - scraper - INFO - 
==================================================
2025-06-04 14:21:27,784 - scraper - INFO - DEBUG: Comment 19
2025-06-04 14:21:27,785 - scraper - INFO - ==================================================
2025-06-04 14:21:27,785 - scraper - INFO - username: kiya
2025-06-04 14:21:27,785 - scraper - INFO - text: rabbii jedhi mee
2025-06-04 14:21:27,786 - scraper - INFO - date: 
2025-06-04 14:21:27,786 - scraper - INFO - likes: 10
2025-06-04 14:21:27,787 - scraper - INFO - ==================================================

2025-06-04 14:21:27,787 - scraper - INFO - Adding delay of 4.30 seconds
2025-06-04 14:21:33,004 - scraper - INFO - 
==================================================
2025-06-04 14:21:33,110 - scraper - INFO - DEBUG: Comment 20
2025-06-04 14:21:33,144 - scraper - INFO - ==================================================
2025-06-04 14:21:33,181 - scraper - INFO - username: kasa
2025-06-04 14:21:33,232 - scraper - INFO - date: 
2025-06-04 14:21:33,233 - scraper - INFO - likes: 4
2025-06-04 14:21:33,234 - scraper - INFO - ==================================================

2025-06-04 14:21:33,235 - scraper - INFO - Adding delay of 3.30 seconds
2025-06-04 14:21:37,794 - scraper - INFO - 
==================================================
2025-06-04 14:21:37,795 - scraper - INFO - DEBUG: Comment 21
2025-06-04 14:21:37,799 - scraper - INFO - ==================================================
2025-06-04 14:21:37,800 - scraper - INFO - username: user2673635840549
2025-06-04 14:21:37,806 - scraper - INFO - date: 
2025-06-04 14:21:37,807 - scraper - INFO - likes: 3
2025-06-04 14:21:37,807 - scraper - INFO - ==================================================

2025-06-04 14:21:37,808 - scraper - INFO - Adding delay of 4.78 seconds
2025-06-04 14:21:43,338 - scraper - INFO - 
==================================================
2025-06-04 14:21:43,339 - scraper - INFO - DEBUG: Comment 22
2025-06-04 14:21:43,346 - scraper - INFO - ==================================================
2025-06-04 14:21:43,401 - scraper - INFO - date: 
2025-06-04 14:21:43,402 - scraper - INFO - likes: 1
2025-06-04 14:21:43,406 - scraper - INFO - ==================================================

2025-06-04 14:21:43,408 - scraper - INFO - Adding delay of 2.21 seconds
2025-06-04 14:21:46,745 - scraper - INFO - 
==================================================
2025-06-04 14:21:46,746 - scraper - INFO - DEBUG: Comment 23
2025-06-04 14:21:46,747 - scraper - INFO - ==================================================
2025-06-04 14:21:46,757 - scraper - INFO - date: 
2025-06-04 14:21:46,757 - scraper - INFO - likes: 6
2025-06-04 14:21:46,757 - scraper - INFO - ==================================================

2025-06-04 14:21:46,757 - scraper - INFO - Adding delay of 4.14 seconds
2025-06-04 14:21:51,839 - scraper - INFO - 
==================================================
2025-06-04 14:21:51,840 - scraper - INFO - DEBUG: Comment 24
2025-06-04 14:21:51,840 - scraper - INFO - ==================================================
2025-06-04 14:21:51,841 - scraper - INFO - username: Amsalu
2025-06-04 14:21:51,852 - scraper - INFO - date: 
2025-06-04 14:21:51,853 - scraper - INFO - likes: 3
2025-06-04 14:21:51,853 - scraper - INFO - ==================================================

2025-06-04 14:21:51,854 - scraper - INFO - Adding delay of 4.33 seconds
2025-06-04 14:21:57,755 - scraper - INFO - 
==================================================
2025-06-04 14:21:57,756 - scraper - INFO - DEBUG: Comment 25
2025-06-04 14:21:57,757 - scraper - INFO - ==================================================
2025-06-04 14:21:57,757 - scraper - INFO - username: matijohn875
2025-06-04 14:21:57,778 - scraper - INFO - date: 
2025-06-04 14:21:57,780 - scraper - INFO - likes: 9
2025-06-04 14:21:57,783 - scraper - INFO - ==================================================

2025-06-04 14:21:57,785 - scraper - INFO - Adding delay of 4.52 seconds
2025-06-04 14:22:03,354 - scraper - INFO - 
==================================================
2025-06-04 14:22:03,355 - scraper - INFO - DEBUG: Comment 26
2025-06-04 14:22:03,355 - scraper - INFO - ==================================================
2025-06-04 14:22:03,356 - scraper - INFO - username: andy
2025-06-04 14:22:03,361 - scraper - INFO - date: 
2025-06-04 14:22:03,362 - scraper - INFO - likes: 3
2025-06-04 14:22:03,362 - scraper - INFO - ==================================================

2025-06-04 14:22:03,363 - scraper - INFO - Adding delay of 2.65 seconds
2025-06-04 14:22:06,739 - scraper - INFO - 
==================================================
2025-06-04 14:22:06,740 - scraper - INFO - DEBUG: Comment 27
2025-06-04 14:22:06,740 - scraper - INFO - ==================================================
2025-06-04 14:22:06,754 - scraper - INFO - text: 2018 yemanew hahahaha ay megnote
2025-06-04 14:22:06,754 - scraper - INFO - date: 
2025-06-04 14:22:06,755 - scraper - INFO - likes: 2
2025-06-04 14:22:06,755 - scraper - INFO - ==================================================

2025-06-04 14:22:06,756 - scraper - INFO - Adding delay of 3.63 seconds
2025-06-04 14:22:12,726 - scraper - INFO - 
==================================================
2025-06-04 14:22:12,728 - scraper - INFO - DEBUG: Comment 28
2025-06-04 14:22:12,728 - scraper - INFO - ==================================================
2025-06-04 14:22:12,729 - scraper - INFO - username: dhagaa Rakkoo
2025-06-04 14:22:12,729 - scraper - INFO - text: qadaadaa
2025-06-04 14:22:12,729 - scraper - INFO - date: 
2025-06-04 14:22:12,730 - scraper - INFO - likes: 1
2025-06-04 14:22:12,730 - scraper - INFO - ==================================================

2025-06-04 14:22:13,768 - scraper - INFO - 
==================================================
2025-06-04 14:22:13,769 - scraper - INFO - DEBUG: Comment 29
2025-06-04 14:22:13,769 - scraper - INFO - ==================================================
2025-06-04 14:22:13,769 - scraper - INFO - username: user9412709973871nanate
2025-06-04 14:22:13,779 - scraper - INFO - date: 
2025-06-04 14:22:13,780 - scraper - INFO - likes: 3
2025-06-04 14:22:13,781 - scraper - INFO - ==================================================

2025-06-04 14:22:13,781 - scraper - INFO - Adding delay of 2.00 seconds
2025-06-04 14:22:17,295 - scraper - INFO - 
==================================================
2025-06-04 14:22:17,296 - scraper - INFO - DEBUG: Comment 30
2025-06-04 14:22:17,296 - scraper - INFO - ==================================================
2025-06-04 14:22:17,297 - scraper - INFO - username: Dumbulo babo
2025-06-04 14:22:17,316 - scraper - INFO - date: 
2025-06-04 14:22:17,320 - scraper - INFO - likes: 5
2025-06-04 14:22:17,322 - scraper - INFO - ==================================================

2025-06-04 14:22:17,325 - scraper - INFO - Adding delay of 4.17 seconds
2025-06-04 14:22:22,445 - scraper - INFO - 
==================================================
2025-06-04 14:22:22,446 - scraper - INFO - DEBUG: Comment 31
2025-06-04 14:22:22,447 - scraper - INFO - ==================================================
2025-06-04 14:22:22,448 - scraper - INFO - username: Birhanu
2025-06-04 14:22:22,455 - scraper - INFO - date: 
2025-06-04 14:22:22,456 - scraper - INFO - likes: 1
2025-06-04 14:22:22,456 - scraper - INFO - ==================================================

2025-06-04 14:22:22,456 - scraper - INFO - Adding delay of 2.26 seconds
2025-06-04 14:22:25,576 - scraper - INFO - 
==================================================
2025-06-04 14:22:25,576 - scraper - INFO - DEBUG: Comment 32
2025-06-04 14:22:25,577 - scraper - INFO - ==================================================
2025-06-04 14:22:25,577 - scraper - INFO - username: Monica Stewart
2025-06-04 14:22:25,586 - scraper - INFO - date: 
2025-06-04 14:22:25,587 - scraper - INFO - likes: 1
2025-06-04 14:22:25,588 - scraper - INFO - ==================================================

2025-06-04 14:22:25,589 - scraper - INFO - Adding delay of 2.23 seconds
2025-06-04 14:22:28,686 - scraper - INFO - 
==================================================
2025-06-04 14:22:28,688 - scraper - INFO - DEBUG: Comment 33
2025-06-04 14:22:28,689 - scraper - INFO - ==================================================
2025-06-04 14:22:28,689 - scraper - INFO - username: ibrahem
2025-06-04 14:22:28,698 - scraper - INFO - date: 
2025-06-04 14:22:28,698 - scraper - INFO - likes: 1
2025-06-04 14:22:28,699 - scraper - INFO - ==================================================

2025-06-04 14:22:28,699 - scraper - INFO - Adding delay of 2.16 seconds
2025-06-04 14:22:32,180 - scraper - INFO - 
==================================================
2025-06-04 14:22:32,187 - scraper - INFO - DEBUG: Comment 34
2025-06-04 14:22:32,187 - scraper - INFO - ==================================================
2025-06-04 14:22:32,188 - scraper - INFO - username: Osama jeje
2025-06-04 14:22:32,268 - scraper - INFO - date: 
2025-06-04 14:22:32,269 - scraper - INFO - likes: 2
2025-06-04 14:22:32,269 - scraper - INFO - ==================================================

2025-06-04 14:22:32,271 - scraper - INFO - Adding delay of 3.81 seconds
2025-06-04 14:22:37,060 - scraper - INFO - 
==================================================
2025-06-04 14:22:37,060 - scraper - INFO - DEBUG: Comment 35
2025-06-04 14:22:37,062 - scraper - INFO - ==================================================
2025-06-04 14:22:37,075 - scraper - INFO - date: 
2025-06-04 14:22:37,075 - scraper - INFO - likes: 1
2025-06-04 14:22:37,076 - scraper - INFO - ==================================================

2025-06-04 14:22:37,076 - scraper - INFO - Adding delay of 2.14 seconds
2025-06-04 14:22:40,029 - scraper - INFO - 
==================================================
2025-06-04 14:22:40,031 - scraper - INFO - DEBUG: Comment 36
2025-06-04 14:22:40,032 - scraper - INFO - ==================================================
2025-06-04 14:22:40,085 - scraper - INFO - date: 
2025-06-04 14:22:40,087 - scraper - INFO - likes: 1
2025-06-04 14:22:40,090 - scraper - INFO - ==================================================

2025-06-04 14:22:40,091 - scraper - INFO - Adding delay of 4.49 seconds
2025-06-04 14:22:45,358 - scraper - INFO - 
==================================================
2025-06-04 14:22:45,359 - scraper - INFO - DEBUG: Comment 37
2025-06-04 14:22:45,359 - scraper - INFO - ==================================================
2025-06-04 14:22:45,359 - scraper - INFO - username: mamee
2025-06-04 14:22:45,360 - scraper - INFO - text: yente moto
2025-06-04 14:22:45,360 - scraper - INFO - date: 
2025-06-04 14:22:45,360 - scraper - INFO - likes: 1
2025-06-04 14:22:45,361 - scraper - INFO - ==================================================

2025-06-04 14:22:45,361 - scraper - INFO - Adding delay of 2.06 seconds
2025-06-04 14:22:48,162 - scraper - INFO - 
==================================================
2025-06-04 14:22:48,162 - scraper - INFO - DEBUG: Comment 38
2025-06-04 14:22:48,164 - scraper - INFO - ==================================================
2025-06-04 14:22:48,164 - scraper - INFO - username: F
2025-06-04 14:22:48,169 - scraper - INFO - date: 
2025-06-04 14:22:48,171 - scraper - INFO - likes: 1
2025-06-04 14:22:48,171 - scraper - INFO - ==================================================

2025-06-04 14:22:48,172 - scraper - INFO - Adding delay of 4.02 seconds
2025-06-04 14:22:52,927 - scraper - INFO - 
==================================================
2025-06-04 14:22:52,928 - scraper - INFO - DEBUG: Comment 39
2025-06-04 14:22:52,928 - scraper - INFO - ==================================================
2025-06-04 14:22:52,929 - scraper - INFO - username: Hulubante yewollow
2025-06-04 14:22:52,965 - scraper - INFO - date: 
2025-06-04 14:22:52,965 - scraper - INFO - likes: 0
2025-06-04 14:22:52,966 - scraper - INFO - ==================================================

2025-06-04 14:22:52,966 - scraper - INFO - Adding delay of 2.86 seconds
2025-06-04 14:22:56,821 - scraper - INFO - 
==================================================
2025-06-04 14:22:56,823 - scraper - INFO - DEBUG: Comment 40
2025-06-04 14:22:56,824 - scraper - INFO - ==================================================
2025-06-04 14:22:56,824 - scraper - INFO - username: Mubarek Ali
2025-06-04 14:22:56,836 - scraper - INFO - date: 
2025-06-04 14:22:56,837 - scraper - INFO - likes: 0
2025-06-04 14:22:56,838 - scraper - INFO - ==================================================

2025-06-04 14:22:56,839 - scraper - INFO - Adding delay of 2.29 seconds
2025-06-04 14:22:59,939 - scraper - INFO - 
==================================================
2025-06-04 14:22:59,940 - scraper - INFO - DEBUG: Comment 41
2025-06-04 14:22:59,941 - scraper - INFO - ==================================================
2025-06-04 14:22:59,941 - scraper - INFO - username: Biruk
2025-06-04 14:22:59,948 - scraper - INFO - date: 
2025-06-04 14:22:59,949 - scraper - INFO - likes: 0
2025-06-04 14:22:59,949 - scraper - INFO - ==================================================

2025-06-04 14:22:59,950 - scraper - INFO - Adding delay of 3.14 seconds
2025-06-04 14:23:03,849 - scraper - INFO - 
==================================================
2025-06-04 14:23:03,850 - scraper - INFO - DEBUG: Comment 42
2025-06-04 14:23:03,851 - scraper - INFO - ==================================================
2025-06-04 14:23:03,851 - scraper - INFO - username: ke1andgaynt
2025-06-04 14:23:03,873 - scraper - INFO - date: 
2025-06-04 14:23:03,874 - scraper - INFO - likes: 0
2025-06-04 14:23:03,875 - scraper - INFO - ==================================================

2025-06-04 14:23:03,876 - scraper - INFO - Adding delay of 4.15 seconds
2025-06-04 14:23:08,637 - scraper - INFO - 
==================================================
2025-06-04 14:23:08,637 - scraper - INFO - DEBUG: Comment 43
2025-06-04 14:23:08,640 - scraper - INFO - ==================================================
2025-06-04 14:23:08,640 - scraper - INFO - username: Mesfin Yesak
2025-06-04 14:23:08,640 - scraper - INFO - date: 
2025-06-04 14:23:08,640 - scraper - INFO - likes: 0
2025-06-04 14:23:08,640 - scraper - INFO - ==================================================

2025-06-04 14:23:08,640 - scraper - INFO - Adding delay of 2.87 seconds
2025-06-04 14:23:12,166 - scraper - INFO - 
==================================================
2025-06-04 14:23:12,168 - scraper - INFO - DEBUG: Comment 44
2025-06-04 14:23:12,169 - scraper - INFO - ==================================================
2025-06-04 14:23:12,172 - scraper - INFO - username: @teku 12 19
2025-06-04 14:23:12,197 - scraper - INFO - date: 
2025-06-04 14:23:12,198 - scraper - INFO - likes: 0
2025-06-04 14:23:12,198 - scraper - INFO - ==================================================

2025-06-04 14:23:12,198 - scraper - INFO - Adding delay of 4.92 seconds
2025-06-04 14:23:17,849 - scraper - INFO - 
==================================================
2025-06-04 14:23:17,852 - scraper - INFO - DEBUG: Comment 45
2025-06-04 14:23:17,852 - scraper - INFO - ==================================================
2025-06-04 14:23:17,852 - scraper - INFO - username: Tadese Mehiret
2025-06-04 14:23:17,856 - scraper - INFO - date: 
2025-06-04 14:23:17,856 - scraper - INFO - likes: 0
2025-06-04 14:23:17,856 - scraper - INFO - ==================================================

2025-06-04 14:23:17,856 - scraper - INFO - Adding delay of 2.81 seconds
2025-06-04 14:23:21,338 - scraper - INFO - 
==================================================
2025-06-04 14:23:21,338 - scraper - INFO - DEBUG: Comment 46
2025-06-04 14:23:21,343 - scraper - INFO - ==================================================
2025-06-04 14:23:21,350 - scraper - INFO - date: 
2025-06-04 14:23:21,350 - scraper - INFO - likes: 0
2025-06-04 14:23:21,350 - scraper - INFO - ==================================================

2025-06-04 14:23:21,350 - scraper - INFO - Adding delay of 4.45 seconds
2025-06-04 14:23:27,296 - scraper - INFO - 
==================================================
2025-06-04 14:23:27,297 - scraper - INFO - DEBUG: Comment 47
2025-06-04 14:23:27,298 - scraper - INFO - ==================================================
2025-06-04 14:23:27,298 - scraper - INFO - username: ame
2025-06-04 14:23:27,299 - scraper - INFO - text: amen yarglnnn
2025-06-04 14:23:27,299 - scraper - INFO - date: 
2025-06-04 14:23:27,299 - scraper - INFO - likes: 0
2025-06-04 14:23:27,299 - scraper - INFO - ==================================================

2025-06-04 14:23:27,300 - scraper - INFO - Adding delay of 3.55 seconds
2025-06-04 14:23:31,578 - scraper - INFO - 
==================================================
2025-06-04 14:23:31,578 - scraper - INFO - DEBUG: Comment 48
2025-06-04 14:23:31,578 - scraper - INFO - ==================================================
2025-06-04 14:23:31,578 - scraper - INFO - username: user7983761624069
2025-06-04 14:23:31,578 - scraper - INFO - date: 
2025-06-04 14:23:31,587 - scraper - INFO - likes: 0
2025-06-04 14:23:31,587 - scraper - INFO - ==================================================

2025-06-04 14:23:31,587 - scraper - INFO - Adding delay of 2.11 seconds
2025-06-04 14:23:34,536 - scraper - INFO - 
==================================================
2025-06-04 14:23:34,536 - scraper - INFO - DEBUG: Comment 49
2025-06-04 14:23:34,536 - scraper - INFO - ==================================================
2025-06-04 14:23:34,536 - scraper - INFO - username: seada iber
2025-06-04 14:23:34,536 - scraper - INFO - date: 
2025-06-04 14:23:34,536 - scraper - INFO - likes: 0
2025-06-04 14:23:34,536 - scraper - INFO - ==================================================

2025-06-04 14:23:34,536 - scraper - INFO - Adding delay of 3.27 seconds
2025-06-04 14:23:38,848 - scraper - INFO - 
==================================================
2025-06-04 14:23:38,850 - scraper - INFO - DEBUG: Comment 50
2025-06-04 14:23:38,850 - scraper - INFO - ==================================================
2025-06-04 14:23:38,851 - scraper - INFO - username: Salahadin
2025-06-04 14:23:38,857 - scraper - INFO - date: 
2025-06-04 14:23:38,858 - scraper - INFO - likes: 0
2025-06-04 14:23:38,859 - scraper - INFO - ==================================================

2025-06-04 14:23:38,859 - scraper - INFO - Scraped 50 comments for video 10
2025-06-04 14:23:38,859 - scraper - INFO - 
==================================================
2025-06-04 14:23:38,861 - scraper - INFO - DEBUG: Video Data
2025-06-04 14:23:38,861 - scraper - INFO - ==================================================
2025-06-04 14:23:38,868 - scraper - INFO - video_url: https://www.tiktok.com/@isayas_family/video/7497254862095289623
2025-06-04 14:23:38,868 - scraper - INFO - like: 10.8K
2025-06-04 14:23:38,869 - scraper - INFO - comment: 1365
2025-06-04 14:23:38,869 - scraper - INFO - share: 1489
2025-06-04 14:23:38,870 - scraper - INFO - date: 4-25
2025-06-04 14:23:38,870 - scraper - INFO - username: @isayas_family
2025-06-04 14:23:38,896 - scraper - INFO - ==================================================

2025-06-04 14:23:38,897 - scraper - INFO - Processing video 11/12: https://www.tiktok.com/@gionmedia21/video/7510204204267457814
2025-06-04 14:23:38,898 - scraper - INFO - Adding delay of 3.60 seconds
2025-06-04 14:24:39,227 - scraper - INFO - No popup/captcha detected
2025-06-04 14:24:39,431 - scraper - INFO - Attempting to scrape up to 50 comments...
2025-06-04 14:25:32,673 - scraper - INFO - 
==================================================
2025-06-04 14:25:32,674 - scraper - INFO - DEBUG: Comment 1
2025-06-04 14:25:32,674 - scraper - INFO - ==================================================
2025-06-04 14:25:32,674 - scraper - INFO - username: @sami dan
2025-06-04 14:25:32,681 - scraper - INFO - date: 11h ago
2025-06-04 14:25:32,682 - scraper - INFO - likes: 0
2025-06-04 14:25:32,682 - scraper - INFO - ==================================================

2025-06-04 14:25:32,683 - scraper - INFO - Adding delay of 2.83 seconds
2025-06-04 14:25:35,710 - scraper - INFO - 
==================================================
2025-06-04 14:25:35,710 - scraper - INFO - DEBUG: Comment 2
2025-06-04 14:25:35,711 - scraper - INFO - ==================================================
2025-06-04 14:25:35,711 - scraper - INFO - username: user7928768025192
2025-06-04 14:25:35,718 - scraper - INFO - date: 4d ago
2025-06-04 14:25:35,718 - scraper - INFO - likes: 0
2025-06-04 14:25:35,718 - scraper - INFO - ==================================================

2025-06-04 14:25:35,719 - scraper - INFO - Adding delay of 2.47 seconds
2025-06-04 14:25:38,352 - scraper - INFO - 
==================================================
2025-06-04 14:25:38,352 - scraper - INFO - DEBUG: Comment 3
2025-06-04 14:25:38,354 - scraper - INFO - ==================================================
2025-06-04 14:25:38,354 - scraper - INFO - username: user7928768025192
2025-06-04 14:25:38,359 - scraper - INFO - date: 4d ago
2025-06-04 14:25:38,360 - scraper - INFO - likes: 0
2025-06-04 14:25:38,361 - scraper - INFO - ==================================================

2025-06-04 14:25:38,361 - scraper - INFO - Scraped 3 comments for video 11
2025-06-04 14:25:38,361 - scraper - INFO - 
==================================================
2025-06-04 14:25:38,362 - scraper - INFO - DEBUG: Video Data
2025-06-04 14:25:38,362 - scraper - INFO - ==================================================
2025-06-04 14:25:38,368 - scraper - INFO - video_url: https://www.tiktok.com/@gionmedia21/video/7510204204267457814
2025-06-04 14:25:38,368 - scraper - INFO - like: 146
2025-06-04 14:25:38,369 - scraper - INFO - comment: 4
2025-06-04 14:25:38,369 - scraper - INFO - share: 21
2025-06-04 14:25:38,369 - scraper - INFO - date: 4d ago
2025-06-04 14:25:38,369 - scraper - INFO - username: @gionmedia21
2025-06-04 14:25:38,390 - scraper - INFO - ==================================================

2025-06-04 14:25:38,391 - scraper - INFO - Processing video 12/12: https://www.tiktok.com/@ethio.right1/video/7511726314647227653
2025-06-04 14:25:38,394 - scraper - INFO - Adding delay of 4.72 seconds
2025-06-04 14:26:30,016 - scraper - INFO - No popup/captcha detected
2025-06-04 14:26:30,137 - scraper - INFO - Attempting to scrape up to 50 comments...
2025-06-04 14:27:10,787 - scraper - INFO - 
==================================================
2025-06-04 14:27:10,789 - scraper - INFO - DEBUG: Comment 1
2025-06-04 14:27:10,789 - scraper - INFO - ==================================================
2025-06-04 14:27:10,789 - scraper - INFO - username: Tiki Debelu
2025-06-04 14:27:10,796 - scraper - INFO - date: 11h ago
2025-06-04 14:27:10,797 - scraper - INFO - likes: 0
2025-06-04 14:27:10,797 - scraper - INFO - ==================================================

2025-06-04 14:27:10,797 - scraper - INFO - Adding delay of 4.22 seconds
2025-06-04 14:27:15,195 - scraper - INFO - 
==================================================
2025-06-04 14:27:15,196 - scraper - INFO - DEBUG: Comment 2
2025-06-04 14:27:15,197 - scraper - INFO - ==================================================
2025-06-04 14:27:15,197 - scraper - INFO - username: Ethio right1
2025-06-04 14:27:15,197 - scraper - INFO - text: https://t.me/ethioright
2025-06-04 14:27:15,198 - scraper - INFO - date: 18h ago
2025-06-04 14:27:15,198 - scraper - INFO - likes: 0
2025-06-04 14:27:15,198 - scraper - INFO - ==================================================

2025-06-04 14:27:15,199 - scraper - INFO - Scraped 2 comments for video 12
2025-06-04 14:27:15,199 - scraper - INFO - 
==================================================
2025-06-04 14:27:15,199 - scraper - INFO - DEBUG: Video Data
2025-06-04 14:27:15,201 - scraper - INFO - ==================================================
2025-06-04 14:27:15,210 - scraper - INFO - video_url: https://www.tiktok.com/@ethio.right1/video/7511726314647227653
2025-06-04 14:27:15,211 - scraper - INFO - like: 218
2025-06-04 14:27:15,212 - scraper - INFO - comment: 3
2025-06-04 14:27:15,213 - scraper - INFO - share: 23
2025-06-04 14:27:15,213 - scraper - INFO - date: 21h ago
2025-06-04 14:27:15,214 - scraper - INFO - username: @ethio.right1
2025-06-04 14:27:15,229 - scraper - INFO - ==================================================

2025-06-04 14:27:15,250 - scraper - INFO - Saved 12 search results with comments to results\tiktok_search_results_fano.json
2025-06-04 14:27:16,328 - database - INFO - Successfully inserted 12 documents
2025-06-04 14:27:16,328 - scraper - INFO - Saved 12 results to database
2025-06-04 14:27:16,329 - __main__ - INFO - Completed processing keyword: fano
2025-06-04 14:27:16,329 - scraper - INFO - Closing Playwright browser and context...
